tax_id,leased,delinquent,acres,error
438500,,,,
540569,,,,
29100,,0,,
537521,,,,
106600,1,2017,0,0
154400,,,,
109320,,,,
54000,,,,
21900,,,,
35100,,,,
140100,,,,
89000,,,,
160500,,,,
45136,,,,
417200,,,,
570100,,,,
23200,,,,
438100,,,,
109400,,,,
143301,,,,
1147,,,,
23202,,,,
171,,,,
89100,,,,
6576,,,,
1823,,,,
436800,,,,
285,,,,
83730,,,,
195500,,,,
405400,,,,
570900,,,,
529300,,,,
1302,,,,
5400,,,,
20881,,,,
4743,,,,
1609,,,,
26700,,,,
160950,,,,
132400,,,,
9801,,,,
405,,,,
1983,,,,
183500,,,,
1985,,,,
521597,,,,
181200,,,,
524619,,,,
4812,,,,
175000,,,,
5656,,,,
642,,,,
2138,,,,
165900,,,,
10424,,,,
836,,,,
1229,,,,
2208,,,,
593844,,,,
521772,,,,
541118,,,,
538130,,,,
1623,,,,
104001,,,,
67600,,,,
27287,,,,
95356,,,,
26005,,,,
1563,,,,
252,,,,
11200,,,,
468100,,,,
2170,,,,
120,,,,
1614,,,,
597400,,,,
221500,,,,
13068,,,,
65700,,,,
99100,,,,
420083,,,,
1301,,,,
2690,,,,
1412,,,,
32404,,,,
168800,,,,
200800,,,,
524633,,,,
1631,,,,
224911,,,,
9119,,,,
7843,,,,
537518,,,,
211220,,,,
226100,,,,
346,,,,
539,,,,
596854,,,,
37026,,,,
540438,,,,
76200,,,,
409400,,,,
550300,,,,
229807,,,,
175550,,,,
459100,,,,
1112,,,,
107300,,,,
20482,,,,
717,,,,
18750,,,,
7753,,,,
521916,,,,
635,,,,
492600,,,,
1703,,,,
186200,,,,
18300,,,,
43117,,,,
73900,,,,
1344,,,,
540933,,,,
524408,,,,
1679,,,,
45500,,,,
1092,,,,
409900,,,,
463000,,,,
174,,,,
82600,,,,
521539,,,,
537623,,,,
694,,,,
524410,,,,
2096,,,,
155330,,,,
16424,,,,
27620,,,,
551400,,,,
21200,,,,
540605,,,,
223800,,,,
3510,,,,
31610,,,,
943,,,,
1629,,,,
521744,,,,
599245,,,,
501900,,,,
539821,,,,
1528,,,,
1491,,,,
537513,,,,
226700,,,,
998,,,,
381200,,,,
41382,,,,
181620,,,,
524419,,,,
125600,,,,
538302,,,,
6700,,,,
19626,,,,
24300,,,,
393400,,,,
16250,,,,
15396,,,,
2252,,,,
1155,,,,
675,,,,
2036,,,,
71800,,,,
176096,,,,
24775,,,,
598244,,,,
79700,,,,
207930,,,,
5961,,,,
524505,,,,
151304,,,,
1263,,,,
132000,,,,
2184,,,,
184601,,,,
1080,,,,
95510,,,,
1877,,,,
91800,,,,
215800,,,,
5314,,,,
587400,,,,
245900,,,,
538706,,,,
7398,,,,
246100,,,,
95500,,,,
1744,,,,
12582,,,,
1951,,,,
583300,,,,
433200,,,,
598234,,,,
521695,,,,
169550,,,,
207,,,,
897,,,,
545901,,,,
176300,,,,
38200,,,,
217200,,,,
61500,,,,
612,,,,
215300,,,,
540511,,,,
27122,,,,
433000,,,,
537710,,,,
540418,,,,
451600,,,,
524449,,,,
400700,,,,
538901,,,,
539605,0,2018,0,0
46400,,,,
3815,,,,
11100,,,,
465000,,,,
75700,,,,
521779,,,,
135900,,,,
583100,,,,
540440,,,,
455100,,,,
132200,,,,
190500,,,,
576800,,,,
132300,,,,
214403,,,,
521920,,,,
537708,,,,
112700,,,,
1785,,,,
2007,,,,
582000,,,,
539813,,,,
104900,,,,
521765,,,,
197400,,,,
33101,,,,
524623,,,,
1056,,,,
378600,,,,
1265,,,,
2139,,,,
1453,,,,
2367,,,,
561201,,,,
224926,,,,
29270,,,,
87650,,,,
566,,,,
1901,,,,
137400,,,,
100500,,,,
521855,,,,
579000,,,,
988,,,,
15110,,,,
2104,,,,
1030,,,,
265900,,,,
9350,,,,
34844,,,,
216900,,,,
524440,,,,
19900,,,,
452200,,,,
1742,,,,
2157,,,,
540720,,,,
537530,,,,
595600,,,,
105900,,,,
29500,,,,
82200,,,,
1829,,,,
1812,,,,
186800,,,,
300165,,,,
1226,,,,
246500,,,,
459,,,,
2253,,,,
742,,,,
558,,,,
539809,,,,
1772,,,,
2330,,,,
1564,,,,
1857,,,,
1700,,,,
77600,,,,
45322,,,,
1016,,,,
29959,,,,
1721,,,,
199001,,,,
4568,,,,
597420,,,,
5992,,,,
246000,,,,
598464,,,,
538500,,,,
540546,,,,
28049,,,,
540919,,,,
125,,,,
6814,,,,
224927,,,,
9750,,,,
1069,,,,
7132,,,,
2836,,,,
76800,,,,
2285,,,,
68900,,,,
7814,,,,
6774,,,,
24385,,,,
710,,,,
1556,,,,
521717,,,,
869,,,,
64800,,,,
521655,,,,
540326,,,,
152700,,,,
143800,,,,
219700,,,,
44529,,,,
521250,,,,
529800,,,,
1743,,,,
209900,,,,
122100,,,,
535900,,,,
598950,,,,
521647,,,,
10983,,,,
599475,,,,
538136,,,,
189701,,,,
536000,,,,
41634,,,,
1694,,,,
598800,,,,
539822,,,,
650,,,,
102700,,,,
540004,,,,
521782,,,,
584900,,,,
125301,,,,
548301,,,,
569700,,,,
32700,,,,
24390,,,,
10040,,,,
521604,,,,
61400,,,,
99300,,,,
521891,,,,
135300,,,,
54600,,,,
2039,,,,
1557,,,,
2054,,,,
7827,,,,
11701,,,,
226117,,,,
437300,,,,
1306,,,,
596855,,,,
521804,,,,
659,,,,
468700,,,,
598676,,,,
1515,,,,
1674,,,,
107100,,,,
217100,,,,
521588,,,,
372,,,,
858,,,,
540202,,,,
1239,,,,
540113,,,,
64089,,,,
538909,,,,
2116,,,,
521558,,,,
791,,,,
537818,,,,
2806,,,,
273700,,,,
60700,,,,
20090,,,,
39300,,,,
13470,,,,
540307,,,,
561200,,,,
465800,,,,
102300,,,,
599121,,,,
1495,,,,
541122,,,,
1206,,,,
226067,,,,
1336,,,,
1342,,,,
2193,,,,
530,,,,
50600,,,,
12545,,,,
117200,,,,
2049,,,,
30405,,,,
599680,,,,
3063253,,,,
160200,,,,
7665,,,,
600022,,,,
390200,,,,
435900,,,,
32150,,,,
521638,,,,
155352,,,,
25597,,,,
2448,,,,
201100,,,,
538406,,,,
226450,,,,
1754,,,,
2057,,,,
577607,,,,
521596,,,,
129100,,,,
1250,,,,
6238,,,,
226070,,,,
1483,,,,
521579,,,,
538910,,,,
587300,,,,
441900,,,,
135400,,,,
1496,,,,
5596,,,,
538126,,,,
109100,,,,
1176,,,,
528100,,,,
1197,,,,
11328,,,,
537614,,,,
540582,,,,
579100,,,,
212800,,,,
2046,,,,
521901,,,,
537801,,,,
1399,,,,
9933,,,,
42852,,,,
64000,,,,
707,,,,
524602,,,,
597376,,,,
12643,,,,
76300,,,,
7744,,,,
540518,,,,
460400,,,,
1736,,,,
524604,,,,
541130,,,,
1749,,,,
471500,,,,
593856,,,,
594,,,,
226028,,,,
589300,,,,
1896,,,,
561,,,,
539904,,,,
116600,,,,
521757,,,,
459400,,,,
3480,,,,
64100,,,,
8993,,,,
538012,,,,
540420,,,,
222,,,,
506500,,,,
521680,,,,
32929,,,,
434900,,,,
1459,,,,
540943,,,,
1550,,,,
6130,,,,
565900,,,,
1508,,,,
569600,,,,
1097,,,,
226015,,,,
574400,,,,
161100,,,,
7816,,,,
436600,,,,
16390,,,,
4633,,,,
7747,,,,
27982,,,,
406100,,,,
524621,,,,
94600,,,,
1545,,,,
2299,,,,
2168,,,,
1353,,,,
270700,,,,
592200,,,,
225780,,,,
596853,,,,
1771,,,,
219100,,,,
6901,,,,
208711,,,,
297,,,,
222900,,,,
4965,,,,
79100,,,,
1066,,,,
228200,,,,
521768,,,,
1001,,,,
521720,,,,
585500,,,,
5540416,,,,
235100,,,,
195400,,,,
449300,,,,
44700,,,,
524501,,,,
1814,,,,
119300,,,,
306,,,,
89950,,,,
541127,,,,
202400,,,,
1882,,,,
7841,,,,
70600,,,,
538110,,,,
539828,,,,
1763,,,,
32116,,,,
17201,,,,
226019,,,,
618,,,,
120942,,,,
197100,,,,
538204,,,,
400000,,,,
2029,,,,
7915,,,,
6881,,,,
530100,,,,
4440,,,,
127900,,,,
166700,,,,
16052,,,,
28785,,,,
35900,,,,
540712,,,,
1549,,,,
2148,,,,
2262,,,,
521577,,,,
1075,,,,
1085,,,,
47900,,,,
697,,,,
539836,,,,
429100,,,,
105400,,,,
19015,,,,
93900,,,,
2310,,,,
322,,,,
136900,,,,
218600,,,,
567,,,,
218100,,,,
1605,,,,
600060,,,,
2625,,,,
92400,,,,
120900,,,,
521586,,,,
600020,,,,
265710,,,,
271500,,,,
420007,,,,
462500,,,,
9114,,,,
13300,,,,
521580,,,,
226052,,,,
181000,,,,
537615,,,,
228700,,,,
599090,,,,
70500,,,,
576600,,,,
38850,,,,
1106,,,,
105800,,,,
537542,,,,
203700,,,,
775,,,,
231100,,,,
399800,,,,
202100,,,,
106700,,,,
133500,,,,
2194,,,,
537522,,,,
96500,,,,
2076,,,,
165200,,,,
92200,,,,
104200,,,,
1641,,,,
146300,,,,
5775,,,,
377500,,,,
1045,,,,
220627,,,,
52200,,,,
139100,,,,
565400,,,,
176400,,,,
435300,,,,
1632,,,,
600,,,,
22000,,,,
540436,,,,
524476,,,,
226044,,,,
599754,,,,
394400,,,,
181900,,,,
2051,,,,
1328,,,,
239900,,,,
538508,,,,
528300,,,,
1278,,,,
200100,,,,
1272,,,,
46000,,,,
226049,,,,
57500,,,,
185300,,,,
122620,,,,
448000,,,,
399,,,,
1637,,,,
463700,,,,
515200,,,,
1888,,,,
561400,,,,
591200,,,,
2586,,,,
12250,,,,
540918,,,,
1064,,,,
3603,,,,
93700,,,,
524466,,,,
521884,,,,
521713,,,,
147400,,,,
521858,,,,
29310,,,,
227300,,,,
208400,,,,
139500,,,,
207600,,,,
1156,,,,
95350,,,,
617,,,,
1621,,,,
101300,,,,
1398,,,,
598675,,,,
12454,,,,
199740,,,,
300188,,,,
582200,,,,
156800,,,,
157400,,,,
538206,,,,
597902,,,,
334,,,,
449100,,,,
1996,,,,
145550,,,,
229812,,,,
10650,,,,
302,,,,
114,,,,
102100,,,,
521590,,,,
139200,,,,
596841,,,,
4233,,,,
268800,,,,
277,,,,
1473,,,,
155050,,,,
38900,,,,
176800,,,,
61042,,,,
44510,,,,
7214,,,,
466,,,,
43900,,,,
4103,,,,
686,,,,
53850,,,,
491600,,,,
60200,,,,
537528,,,,
136,,,,
537525,,,,
561202,,,,
85300,,,,
466600,,,,
2067,,,,
802,,,,
226024,,,,
899,,,,
454700,,,,
929,,,,
393300,,,,
100700,,,,
597510,,,,
158300,,,,
1650,,,,
195100,,,,
163200,,,,
2870,,,,
186100,,,,
540448,,,,
1480,,,,
19000,,,,
593853,,,,
169200,,,,
1136,,,,
600520,,,,
597463,,,,
9582,,,,
137800,,,,
47698,,,,
2306,,,,
540700,,,,
7300,,,,
521874,,,,
59700,,,,
342,,,,
14978,,,,
720,,,,
129600,,,,
225110,,,,
184200,,,,
1274,,,,
538405,,,,
232700,,,,
521869,,,,
272000,,,,
1227,,,,
83770,,,,
2031,,,,
176700,,,,
1421,,,,
501,,,,
229401,,,,
565000,,,,
539600,,,,
16555,,,,
597509,,,,
3100,,,,
388900,,,,
1687,,,,
244700,,,,
540724,,,,
442,,,,
104800,,,,
182600,,,,
7770,,,,
521866,,,,
13800,,,,
2250,,,,
1290,,,,
1119,,,,
2179,,,,
999,,,,
38500,,,,
5401,,,,
238300,,,,
541103,,,,
17400,,,,
161900,,,,
539202,,,,
454800,,,,
483600,,,,
521857,,,,
162,,,,
216800,,,,
43771,,,,
121500,,,,
1786,,,,
241500,,,,
28915,,,,
227100,,,,
11133,,,,
270300,,,,
521750,,,,
226065,,,,
168400,,,,
392500,,,,
164500,,,,
67200,,,,
229816,,,,
207700,,,,
533,,,,
21700,,,,
593804,,,,
1486,,,,
208200,,,,
167200,,,,
2075,,,,
97900,,,,
539818,,,,
207900,,,,
176098,,,,
521612,,,,
1900,,,,
2257,,,,
598478,,,,
11080,,,,
9981,,,,
392800,,,,
112450,,,,
112440,,,,
535200,,,,
1669,,,,
524417,,,,
226060,,,,
993,,,,
540541,,,,
386,,,,
88900,,,,
172300,,,,
540629,,,,
598463,,,,
538005,,,,
226041,,,,
465100,,,,
392400,,,,
1128,,,,
126200,,,,
521524,,,,
226640,,,,
205800,,,,
434200,,,,
483700,,,,
8365,,,,
76600,,,,
521553,,,,
197200,,,,
540946,,,,
198801,,,,
226053,,,,
537608,,,,
202720,,,,
241400,,,,
98900,,,,
226101,,,,
589801,,,,
106110,,,,
59872,,,,
8835,,,,
7840,,,,
272800,,,,
521863,,,,
31643,,,,
2100,,,,
540955,,,,
393150,,,,
6207,,,,
521786,,,,
246900,,,,
126700,,,,
464300,,,,
238851,,,,
541115,,,,
222600,,,,
24900,,,,
247400,,,,
42100,,,,
271400,,,,
8320,,,,
19350,,,,
538024,,,,
205300,,,,
554,,,,
597736,,,,
1602,,,,
920,,,,
420028,,,,
537808,,,,
598062,,,,
137200,,,,
540904,,,,
7196,,,,
148300,,,,
400500,,,,
106250,,,,
233000,,,,
35204,,,,
7815,,,,
13600,,,,
514700,,,,
540567,,,,
70900,,,,
34094,,,,
241600,,,,
597387,,,,
540312,,,,
733,,,,
199720,,,,
246600,,,,
171600,,,,
521674,,,,
66100,,,,
586600,,,,
27900,,,,
8888888,,,,
10750,,,,
521826,,,,
600217,,,,
551300,,,,
226106,,,,
235000,,,,
25688,,,,
404800,,,,
966,,,,
1377,,,,
1834,,,,
29317,,,,
19326,,,,
547,,,,
190940,,,,
45300,,,,
377,,,,
1764,,,,
521812,,,,
599,,,,
539901,,,,
521892,,,,
7227,,,,
20000,,,,
15800,,,,
169900,,,,
1000,,,,
1767,,,,
593841,,,,
246800,,,,
528000,,,,
39200,,,,
599930,,,,
17122,,,,
87700,,,,
1432,,,,
1965,,,,
91400,,,,
599380,,,,
416,,,,
127100,,,,
142740,,,,
422900,,,,
7560,,,,
537807,,,,
128100,,,,
214400,,,,
69700,,,,
125752,,,,
226102,,,,
26517,,,,
537809,,,,
809,,,,
600260,,,,
2090,,,,
140703,,,,
1539,,,,
1243,,,,
53500,,,,
1731,,,,
540564,,,,
1427,,,,
598243,,,,
598711,,,,
452100,,,,
468900,,,,
99550,,,,
214430,,,,
465,,,,
50900,,,,
524610,,,,
737,,,,
95300,,,,
300137,,,,
65125,,,,
180800,,,,
598479,,,,
2400,,,,
540313,,,,
72000,,,,
420426,,,,
597900,,,,
599723,,,,
131600,,,,
139400,,,,
599860,,,,
405800,,,,
69300,,,,
1685,,,,
199400,,,,
537715,,,,
10652,,,,
521697,,,,
396500,,,,
196000,,,,
221600,,,,
606,,,,
560,,,,
218000,,,,
132500,,,,
538505,,,,
9671,,,,
548302,,,,
17000,,,,
20609,,,,
502100,,,,
59830,,,,
521815,,,,
2002,,,,
872,,,,
28013,,,,
4405,,,,
400900,,,,
142001,,,,
107600,,,,
1666,,,,
10701,,,,
26800,,,,
537527,,,,
587100,,,,
1593,,,,
240,,,,
1589,,,,
550900,,,,
28385,,,,
538004,,,,
8577,,,,
521664,,,,
112400,,,,
99310,,,,
90600,0,2018,0,0
94200,,,,
205950,,,,
157350,,,,
718,,,,
656,,,,
75600,,,,
419,,,,
593300,,,,
56150,,,,
521701,,,,
521660,,,,
539412,,,,
124200,,,,
67050,,,,
541102,,,,
1873,,,,
226068,,,,
2221,,,,
241,,,,
953,,,,
226081,,,,
521728,,,,
80400,,,,
205700,,,,
2275,,,,
538905,,,,
224908,,,,
8370,,,,
589,,,,
597465,,,,
2091,,,,
198100,,,,
225240,,,,
111500,,,,
540556,,,,
28500,,,,
499,,,,
1468,,,,
159900,,,,
579300,,,,
835,,,,
4129,,,,
600215,,,,
6226,,,,
546100,,,,
521643,,,,
1224,,,,
203850,,,,
169820,,,,
524497,,,,
1287,,,,
18800,,,,
1190,,,,
596836,,,,
598020,,,,
1663,,,,
543000,,,,
1257,,,,
14680,,,,
161400,,,,
537823,,,,
838,,,,
58800,,,,
540708,,,,
552200,,,,
1635,,,,
193100,,,,
104300,,,,
521520,,,,
543,,,,
11295,,,,
130300,,,,
540105,,,,
555600,,,,
71200,,,,
165800,,,,
540524,,,,
177700,,,,
597372,,,,
184,,,,
847,,,,
3581,,,,
538517,,,,
225908,,,,
1269,,,,
390800,,,,
68250,,,,
28234,,,,
1015,,,,
229750,,,,
41001,,,,
224909,,,,
25900,,,,
154650,,,,
196700,,,,
521512,,,,
310,,,,
598489,,,,
139850,,,,
25389,,,,
59842,,,,
593848,,,,
597738,,,,
452500,,,,
817,,,,
1978,,,,
540441,,,,
540911,,,,
202900,,,,
2647,,,,
524499,,,,
1710,,,,
1917,,,,
9937,,,,
188600,,,,
99850,,,,
455700,,,,
67000,,,,
23700,,,,
69400,,,,
588500,,,,
524491,,,,
12750,,,,
20068,,,,
1910,,,,
593827,,,,
1275,,,,
538512,,,,
22400,,,,
2086,,,,
10470,,,,
199350,,,,
1876,,,,
44300,,,,
1245,,,,
540319,,,,
2272,,,,
466800,,,,
418,,,,
20260,,,,
1029,,,,
538501,,,,
1475,,,,
225230,,,,
198700,,,,
521521,,,,
132900,,,,
161705,,,,
247500,,,,
521598,,,,
446800,,,,
521712,,,,
9660,,,,
27541,,,,
5209,,,,
4356,,,,
114100,,,,
131700,,,,
226104,,,,
236700,,,,
40100,,,,
541105,,,,
184002,,,,
271800,,,,
44000,,,,
184700,,,,
1120,,,,
1078,,,,
63900,,,,
202500,,,,
539806,,,,
2224,,,,
165300,,,,
120943,,,,
22651,,,,
2017,,,,
434600,,,,
30600,,,,
540939,,,,
26400,,,,
471800,,,,
588300,,,,
1039,,,,
2012,,,,
566800,,,,
4245,,,,
106050,,,,
50500,,,,
183000,,,,
2176,,,,
246400,,,,
325,,,,
865,,,,
240000,,,,
1189,,,,
236100,,,,
1599,,,,
598059,,,,
6010,,,,
196500,,,,
843,,,,
537514,,,,
537618,,,,
502000,,,,
195,,,,
137610,,,,
599740,,,,
149000,,,,
538300,,,,
226014,,,,
540555,,,,
44500,,,,
22100,,,,
521877,,,,
43615,,,,
152400,,,,
598474,,,,
524492,,,,
19961,,,,
521807,,,,
846,,,,
140500,,,,
63800,,,,
538903,,,,
1455,,,,
524455,,,,
56200,,,,
126100,,,,
5540314,,,,
3550,,,,
144700,,,,
171900,,,,
599718,,,,
206400,,,,
226026,,,,
200300,,,,
521798,,,,
402400,,,,
50300,,,,
36000,,,,
57100,,,,
539912,,,,
194600,,,,
597744,,,,
593000,,,,
220000,,,,
598485,,,,
247700,,,,
171800,,,,
586000,,,,
597727,,,,
245700,,,,
209800,,,,
538511,,,,
438200,,,,
597263,,,,
597724,,,,
174600,,,,
148700,,,,
206200,,,,
136100,,,,
524438,,,,
539911,,,,
564200,,,,
228150,,,,
540932,,,,
211210,,,,
110703,,,,
597379,,,,
226017,,,,
524635,,,,
438900,,,,
300176,,,,
1442,,,,
538703,,,,
539814,,,,
205,,,,
182100,,,,
593825,,,,
1841,,,,
524448,,,,
3118,,,,
483300,,,,
114500,,,,
540709,,,,
538015,,,,
11633,,,,
236600,,,,
11043,,,,
8674,,,,
540930,,,,
971,,,,
3325,,,,
661,,,,
537626,,,,
600205,,,,
597388,,,,
35000,,,,
82061,,,,
1076,,,,
1521,,,,
305,,,,
174300,,,,
501400,,,,
9600,,,,
597722,,,,
7145,,,,
538022,,,,
1902,,,,
87100,,,,
197104,,,,
451,,,,
100940,,,,
1338,,,,
540310,,,,
5365,,,,
247200,,,,
418200,,,,
70020,,,,
124750,,,,
537,,,,
120500,,,,
278,,,,
300131,,,,
597381,,,,
218,,,,
461,,,,
521629,,,,
507,,,,
6884,,,,
7060,,,,
410,,,,
163,,,,
4350,,,,
96400,,,,
1177,,,,
12100,,,,
211051,,,,
1448,,,,
16561,,,,
585300,,,,
593815,,,,
577200,,,,
158601,,,,
1891,,,,
54500,,,,
600203,,,,
103600,,,,
464500,,,,
265910,,,,
11415,,,,
111800,,,,
691,,,,
233,,,,
169551,,,,
225300,,,,
129400,,,,
1869,,,,
274600,,,,
228800,,,,
295,,,,
524506,,,,
521570,,,,
122670,,,,
63401,,,,
599330,,,,
6790,,,,
24000,,,,
23655,,,,
105,,,,
64900,,,,
29122,,,,
593822,,,,
269,,,,
420065,,,,
362,,,,
437,,,,
401500,,,,
593845,,,,
611,,,,
123700,,,,
463800,,,,
521613,,,,
2691,,,,
627,,,,
5200,,,,
245500,,,,
597808,,,,
653,,,,
25955,,,,
598689,,,,
84900,,,,
38150,,,,
182300,,,,
521582,,,,
1542,,,,
597377,,,,
34900,,,,
229300,,,,
17541,,,,
538125,,,,
6315,,,,
939,,,,
5890,,,,
1844,,,,
600222,,,,
524615,,,,
230000,,,,
2248,,,,
538305,,,,
524483,,,,
540530,,,,
1440,,,,
701,,,,
540410,,,,
200200,,,,
13812,,,,
144300,,,,
205100,,,,
245200,,,,
1300,0,2018,0,0
540300,,,,
1880,,,,
162202,,,,
91000,,,,
76900,,,,
206800,,,,
10700,,,,
226200,,,,
37000,,,,
244000,,,,
103700,,,,
524493,,,,
126400,,,,
2109,,,,
512800,,,,
871,,,,
59000,,,,
300245,,,,
600218,,,,
189,,,,
31061,,,,
521875,,,,
2230,,,,
226006,,,,
147500,,,,
390500,,,,
196250,,,,
537712,,,,
243800,,,,
1441,,,,
14109,,,,
590100,,,,
15600,,,,
186700,,,,
860,,,,
246200,,,,
12810,,,,
404000,,,,
1308,,,,
226057,,,,
879,,,,
120400,,,,
143600,,,,
178600,,,,
1348,,,,
2030,,,,
1842,,,,
122651,,,,
199800,,,,
1465,,,,
521666,,,,
521778,,,,
30900,,,,
30492,,,,
17990,,,,
1254,,,,
14950,,,,
7750,,,,
537609,,,,
1077,,,,
947,,,,
32510,,,,
393500,,,,
200901,,,,
541114,,,,
18840,,,,
177400,,,,
32760,,,,
959,,,,
521696,,,,
65800,,,,
67100,,,,
31640,,,,
521516,,,,
20206,,,,
189400,,,,
1314,,,,
1530,,,,
1425,,,,
521775,,,,
540945,,,,
903,,,,
88400,,,,
120100,,,,
763,,,,
535400,,,,
538100,,,,
12148,,,,
1198,,,,
3500,,,,
604,,,,
144100,,,,
366,,,,
1559,,,,
5007,,,,
60500,,,,
1724,,,,
92050,,,,
524422,,,,
7419,,,,
56800,,,,
521608,,,,
521700,,,,
133600,,,,
73600,,,,
1283,,,,
880,,,,
607,,,,
538104,,,,
250,,,,
539203,,,,
1677,,,,
547702,,,,
201800,,,,
598970,,,,
2025,,,,
456,,,,
4792,,,,
173850,,,,
420452,,,,
544200,,,,
436100,,,,
420054,,,,
4200,,,,
3375,,,,
390400,,,,
80171,,,,
119010,,,,
491200,,,,
540543,,,,
428300,,,,
6720,,,,
521681,,,,
521919,,,,
540606,,,,
28300,,,,
538,,,,
97116,,,,
230210,,,,
28485,,,,
397600,,,,
158800,,,,
15953,,,,
54700,,,,
521723,,,,
576700,,,,
27831,,,,
177100,,,,
61000,,,,
1653,,,,
102,,,,
150100,,,,
22200,,,,
415000,,,,
716,,,,
318,,,,
33750,,,,
93600,,,,
102900,,,,
9374,,,,
5117,,,,
84500,,,,
574900,,,,
40045,,,,
29185,,,,
1707,,,,
1686,,,,
1899,,,,
1125,,,,
155340,,,,
99016,,,,
65900,,,,
521652,,,,
1601,,,,
220300,,,,
515400,,,,
92800,,,,
538123,,,,
550500,,,,
198900,,,,
521585,,,,
209700,,,,
5502,,,,
194700,,,,
521808,,,,
521755,,,,
1057,,,,
106,,,,
4250,,,,
41599,,,,
30100,,,,
19838,,,,
521593,,,,
593803,,,,
10435,,,,
540625,,,,
486,,,,
9117,,,,
16800,,,,
226082,,,,
469900,,,,
2233,,,,
2187,,,,
597745,,,,
521656,,,,
224000,,,,
420242,,,,
521821,,,,
46200,,,,
68400,,,,
521651,,,,
251,,,,
138400,,,,
165651,,,,
226025,,,,
582403,,,,
593814,,,,
15117,,,,
91700,,,,
715,,,,
1061,,,,
144900,,,,
1600,,,,
405500,,,,
17600,,,,
1822,,,,
274900,,,,
2632,,,,
1280,,,,
7020,,,,
1384,,,,
521538,,,,
521764,,,,
855,,,,
28359,,,,
600216,,,,
90700,,,,
139001,,,,
50000,,,,
9595,,,,
4984,,,,
513800,,,,
1760,,,,
540513,,,,
2195,,,,
38600,,,,
523,,,,
521818,,,,
421,,,,
300208,,,,
524614,,,,
434100,,,,
202,,,,
147600,,,,
391500,,,,
574800,,,,
9020,,,,
492,,,,
1974,,,,
776,,,,
5540704,,,,
101800,,,,
155359,,,,
538203,,,,
2551,,,,
4448,,,,
420445,,,,
7330,,,,
62600,,,,
2010,,,,
51800,,,,
350,,,,
9885,,,,
1803,,,,
1864,,,,
597392,,,,
624,,,,
100300,,,,
597,,,,
420012,,,,
597705,,,,
6250,,,,
81800,,,,
225100,,,,
92500,,,,
2117,,,,
528500,,,,
50100,,,,
75800,,,,
7415,,,,
3628,,,,
152500,,,,
1604,,,,
521868,,,,
22256,,,,
6014,,,,
225904,,,,
271700,,,,
955,,,,
124300,,,,
420013,,,,
129700,,,,
47200,,,,
192,,,,
5454544,,,,
626,,,,
747,,,,
1172,,,,
31700,,,,
37897,,,,
54599,,,,
164800,,,,
95600,,,,
538135,,,,
1325,,,,
54900,,,,
24892,,,,
63210,,,,
950,,,,
982,,,,
396800,,,,
806,,,,
540604,,,,
13508,,,,
521683,,,,
2270,,,,
961,,,,
597506,,,,
596833,,,,
183100,,,,
540101,,,,
225801,,,,
75900,,,,
521795,,,,
4873,,,,
541128,,,,
521551,,,,
11370,,,,
593800,,,,
204300,,,,
78450,,,,
600224,,,,
1387,,,,
556300,,,,
5781,,,,
18904,,,,
84100,,,,
115900,,,,
398000,,,,
196200,,,,
538114,,,,
437100,,,,
141900,,,,
514,,,,
2038,,,,
23500,,,,
539815,,,,
125800,,,,
210400,,,,
810,,,,
36100,,,,
564600,,,,
86600,,,,
2313,,,,
5000,,,,
4731,,,,
521724,,,,
138100,,,,
8960,,,,
5300,,,,
1013,,,,
134150,,,,
176900,,,,
31600,,,,
1832,,,,
393600,,,,
14828,,,,
1335,,,,
581900,,,,
1400,,,,
155310,,,,
400,,,,
339,,,,
1506,,,,
128900,,,,
3958,,,,
549600,,,,
2322,,,,
561206,,,,
224600,,,,
175900,,,,
539409,,,,
434400,,,,
240400,,,,
598755,,,,
541300,,,,
52000,,,,
9725,,,,
79500,,,,
2088,,,,
149700,,,,
214420,,,,
236300,,,,
9000,,,,
2295,,,,
26200,,,,
4150,,,,
521507,,,,
70205,,,,
1374,,,,
33800,,,,
1722,,,,
3063254,,,,
702,,,,
537509,,,,
65200,,,,
226066,,,,
300215,,,,
521691,,,,
158200,,,,
597502,,,,
593837,,,,
30603,,,,
140,,,,
1976,,,,
539410,,,,
157,,,,
199755,,,,
2150,,,,
156900,,,,
60800,,,,
539402,,,,
172700,,,,
537515,,,,
31357,,,,
521594,,,,
20300,,,,
131900,,,,
598053,,,,
583,,,,
732,,,,
2294,,,,
598980,,,,
44200,,,,
8578,,,,
404,,,,
223750,,,,
177900,,,,
67150,,,,
2274,,,,
7818,,,,
599750,,,,
28100,,,,
143700,,,,
521854,,,,
202700,,,,
40200,,,,
637,,,,
447800,,,,
585400,,,,
1872,,,,
52900,,,,
216600,,,,
16000,,,,
181621,,,,
113100,,,,
1606,,,,
419000,,,,
17100,,,,
210700,,,,
1510,,,,
86810,,,,
49537,,,,
540501,,,,
539803,,,,
96830,,,,
20447,,,,
66150,,,,
2094,,,,
370,,,,
405100,,,,
258,,,,
14006,,,,
232400,,,,
238500,,,,
528600,,,,
16033,,,,
272,,,,
539200,,,,
235300,,,,
7500,,,,
26300,,,,
2900,,,,
483800,,,,
215900,,,,
184400,,,,
167701,,,,
411,,,,
7133,,,,
212300,,,,
540706,,,,
1586,,,,
1284,,,,
1994,,,,
147000,,,,
1256,,,,
593843,,,,
524630,,,,
532,,,,
229808,,,,
192150,,,,
540938,,,,
1776,,,,
816,,,,
226001,,,,
564300,,,,
121450,,,,
4252,,,,
216,,,,
553,,,,
212700,,,,
34700,,,,
172400,,,,
30124,,,,
80700,,,,
227400,,,,
2364,,,,
61600,,,,
1276,,,,
236000,,,,
597803,,,,
3482,,,,
157700,,,,
233400,,,,
100200,,,,
527600,,,,
599752,,,,
81600,,,,
187200,,,,
235700,,,,
59901,,,,
1326,,,,
158550,,,,
1626,,,,
633,,,,
540516,,,,
1881,,,,
539810,,,,
2629,,,,
23800,,,,
521616,,,,
2083,,,,
224912,,,,
12265,,,,
57800,,,,
154200,,,,
195200,,,,
1918,,,,
353700,,,,
217500,,,,
539819,,,,
2428,,,,
175400,,,,
211600,,,,
9550,,,,
282,,,,
1161,,,,
32780,,,,
465700,,,,
121000,,,,
133200,,,,
137100,,,,
25598,,,,
1289,,,,
1110,,,,
901,,,,
89700,,,,
210300,,,,
1433,,,,
3150,,,,
8074,,,,
539000,,,,
83710,,,,
155350,,,,
199700,,,,
932,,,,
39801,,,,
538912,,,,
22773,,,,
977,,,,
26938,,,,
469000,,,,
17500,,,,
489,,,,
8630,,,,
199500,,,,
1836,,,,
27512,,,,
394100,,,,
1242,,,,
211260,,,,
32560,,,,
55200,,,,
391000,,,,
1980,,,,
135600,,,,
55833,,,,
152300,,,,
1221,,,,
892,,,,
155700,,,,
213,,,,
101700,,,,
192200,,,,
2232,,,,
24400,,,,
146500,,,,
1670,,,,
556500,,,,
130700,,,,
2152,,,,
592,,,,
168500,,,,
521510,,,,
1697,,,,
226056,,,,
1070,,,,
226039,,,,
445,,,,
10620,,,,
537631,,,,
537604,,,,
537600,,,,
385,,,,
206300,,,,
13000,,,,
6081,,,,
524457,,,,
224925,,,,
722,,,,
537602,,,,
2027,,,,
894,,,,
406000,,,,
1247,,,,
429000,,,,
538129,,,,
521525,,,,
593812,,,,
229806,,,,
521864,,,,
771,,,,
1157,,,,
540707,,,,
344,,,,
572400,,,,
541000,,,,
521908,,,,
540603,,,,
122610,,,,
527900,,,,
211900,,,,
538700,,,,
1719,,,,
539503,,,,
1997,,,,
663,,,,
7144,,,,
1518,,,,
1705,,,,
1805,,,,
1624,,,,
506200,,,,
602,,,,
540937,,,,
122,,,,
143,,,,
20210,,,,
341,,,,
1389,,,,
167900,,,,
300191,,,,
6645,,,,
539816,,,,
23056,,,,
300162,,,,
63300,,,,
1201,,,,
459200,,,,
156500,,,,
1255,,,,
597361,,,,
521860,,,,
435600,,,,
210,,,,
144800,,,,
27100,,,,
132,,,,
35202,,,,
208750,,,,
270200,,,,
59405,,,,
29700,,,,
597386,,,,
1514,,,,
599861,,,,
583600,,,,
226032,,,,
636,,,,
539405,,,,
668,,,,
20012,,,,
420018,,,,
300135,,,,
2317,,,,
196900,,,,
425,,,,
600221,,,,
1691,,,,
540100,,,,
117700,,,,
85880,,,,
8250,,,,
1793,,,,
151200,,,,
1025,,,,
573200,,,,
420455,,,,
540203,,,,
1116,,,,
229805,,,,
680,,,,
521882,,,,
527800,,,,
151303,,,,
15300,,,,
98700,,,,
18600,,,,
599825,,,,
1683,,,,
353,,,,
598250,,,,
83500,,,,
208752,,,,
39410,,,,
96600,,,,
538401,,,,
217400,,,,
2073,,,,
97400,,,,
521511,,,,
440,,,,
179,,,,
1100,,,,
466500,,,,
225721,,,,
95355,,,,
480,,,,
154900,,,,
1021,,,,
226037,,,,
594600,,,,
1297,,,,
153800,,,,
420,,,,
5270,,,,
1450,,,,
3011,,,,
367,,,,
83200,,,,
24037,,,,
524434,,,,
11656,,,,
151,,,,
539825,,,,
127300,,,,
2227,,,,
187000,,,,
9500,,,,
230100,,,,
34848,,,,
206100,,,,
1947,,,,
300158,,,,
1709,,,,
192900,,,,
141,,,,
951,,,,
2059,,,,
313,,,,
187900,,,,
117500,,,,
122700,,,,
540108,,,,
88800,,,,
21400,,,,
1958,,,,
2952,,,,
298,,,,
225700,,,,
597362,,,,
1420,,,,
173100,,,,
14700,,,,
7496,,,,
125500,,,,
146600,,,,
244500,,,,
9405,,,,
6589,,,,
597742,,,,
598754,,,,
1895,,,,
274000,,,,
561207,,,,
225730,,,,
001,,,,
273,,,,
149300,,,,
213300,,,,
87000,,,,
201500,,,,
537517,,,,
2584,,,,
597171,,,,
167700,,,,
16395,,,,
788,,,,
130800,,,,
4032,,,,
544100,,,,
426100,,,,
2132,,,,
197300,,,,
43400,,,,
225200,,,,
902,,,,
2203,,,,
558000,,,,
537628,,,,
575100,,,,
539504,,,,
120300,,,,
190950,,,,
2970,,,,
97800,,,,
1758,,,,
174800,,,,
145300,,,,
3103,,,,
42900,,,,
537811,,,,
190750,,,,
4835,,,,
28620,,,,
197101,,,,
329,,,,
537504,,,,
540924,,,,
537700,,,,
5454546,,,,
521861,,,,
1238,,,,
70000,,,,
521650,,,,
109200,,,,
225906,,,,
40474,,,,
1371,,,,
599403,,,,
1848,,,,
229600,,,,
1309,,,,
115802,,,,
228900,,,,
228100,,,,
1916,,,,
31000,,,,
84901,0,2018,0,0
4500,,,,
598057,,,,
451700,,,,
4400,,,,
23400,,,,
41800,,,,
28600,,,,
69500,,,,
154000,,,,
97050,,,,
539807,,,,
539826,,,,
585800,,,,
557900,,,,
517,,,,
51200,,,,
180300,,,,
673,,,,
10771,,,,
521707,,,,
55800,,,,
85000,,,,
1166,,,,
521714,,,,
127,,,,
137630,,,,
540558,,,,
14011,,,,
214100,,,,
219900,,,,
757,,,,
678,,,,
3912,,,,
175300,,,,
474,,,,
389800,,,,
521899,,,,
206500,,,,
596,,,,
186600,,,,
154350,,,,
597746,,,,
43700,,,,
168700,,,,
537703,,,,
19537,,,,
1868,,,,
538806,,,,
28203,,,,
19965,,,,
2320,,,,
8189,,,,
27000,,,,
6042,,,,
1906,,,,
521622,,,,
213600,,,,
598473,,,,
9300,,,,
64500,,,,
1815,,,,
541113,,,,
1652,,,,
593600,,,,
109700,,,,
455600,,,,
46710,,,,
216400,,,,
4151,,,,
580900,,,,
2938,,,,
2788,,,,
136200,,,,
104000,,,,
524474,,,,
524456,,,,
458800,,,,
118100,,,,
403400,,,,
786,,,,
16746,,,,
1513,,,,
107000,,,,
155351,,,,
156520,,,,
6840,,,,
185900,,,,
28200,,,,
54100,,,,
114300,,,,
37900,,,,
169300,,,,
498,,,,
226040,,,,
1664,,,,
850,,,,
631,,,,
593829,,,,
511,,,,
152000,,,,
69200,,,,
442000,,,,
41500,,,,
67700,,,,
403,,,,
405700,,,,
162300,,,,
599402,,,,
25200,,,,
220200,,,,
4935,,,,
184500,,,,
221102,,,,
16100,,,,
300156,,,,
537510,,,,
597940,,,,
1967,,,,
521789,,,,
114700,,,,
566400,,,,
212450,,,,
9435,,,,
582600,,,,
540006,,,,
270400,,,,
130400,,,,
300130,,,,
9800,,,,
1391,,,,
153,,,,
142742,,,,
877,,,,
524478,,,,
540419,,,,
98500,,,,
750,,,,
28671,,,,
61900,,,,
524613,,,,
539831,,,,
35284,,,,
3720,,,,
598461,,,,
3675,,,,
116300,,,,
83720,,,,
80000,,,,
236200,,,,
158700,,,,
587501,,,,
924,,,,
4144,,,,
960,,,,
274800,,,,
71600,,,,
2624,,,,
796,,,,
164400,,,,
181750,,,,
538133,,,,
148610,,,,
598685,,,,
200400,,,,
48550,,,,
1497,,,,
314,,,,
40800,,,,
1923,,,,
544,,,,
25459,,,,
1098,,,,
600201,,,,
244400,,,,
177500,,,,
5880,,,,
9761,,,,
2098,,,,
437900,,,,
4125,,,,
136400,,,,
176100,,,,
1212,,,,
1428,,,,
3578,,,,
1095,,,,
541131,,,,
540910,,,,
208100,,,,
593828,,,,
356,,,,
72500,,,,
200120,,,,
224100,,,,
584000,,,,
441,,,,
1693,,,,
59844,,,,
41200,,,,
178000,,,,
401700,,,,
1956,,,,
375,,,,
2160,,,,
2303,,,,
224919,,,,
839,,,,
6970,,,,
109310,,,,
392,,,,
225430,,,,
220210,,,,
179000,,,,
216300,,,,
241800,,,,
521659,,,,
93200,,,,
203300,,,,
43001,,,,
223500,,,,
537621,,,,
447300,,,,
600070,,,,
1426,,,,
1360,,,,
551500,,,,
1034,,,,
1551,,,,
538503,,,,
2955,,,,
215700,,,,
1938,,,,
176,,,,
8507,,,,
4505,,,,
115800,,,,
1761,,,,
548900,,,,
170100,,,,
3300,,,,
111650,,,,
537706,,,,
1535,,,,
16600,,,,
16716,,,,
1461,,,,
823,,,,
227010,,,,
2336,,,,
2282,,,,
7247,,,,
427500,,,,
10388,,,,
593832,,,,
524427,,,,
1408,,,,
11987,,,,
418000,,,,
2920,,,,
273900,,,,
26900,,,,
415,,,,
267900,,,,
300122,,,,
124800,,,,
229810,,,,
300,,,,
546,,,,
540423,,,,
394000,,,,
4798,,,,
9906,,,,
467500,,,,
560800,,,,
535600,,,,
1236,,,,
31886,,,,
37600,,,,
566200,,,,
121600,,,,
599240,,,,
128700,,,,
8120,,,,
22991,,,,
33106,,,,
540562,,,,
137540,,,,
1569,,,,
683,,,,
420433,,,,
3727,,,,
111700,,,,
1779,,,,
16099,,,,
543100,,,,
492400,,,,
5900,,,,
106400,,,,
99600,,,,
462800,,,,
521706,,,,
428,,,,
131,,,,
347,,,,
123500,,,,
3965,,,,
1361,,,,
30021,,,,
193500,,,,
301,,,,
521760,,,,
1672,,,,
1762,,,,
196,,,,
18500,,,,
8541,,,,
186400,,,,
69000,,,,
27927,,,,
521,,,,
58900,,,,
483500,,,,
97500,,,,
404700,,,,
521907,,,,
420050,,,,
53100,,,,
538121,,,,
2326,,,,
2018,,,,
600180,,,,
537632,,,,
24777,,,,
15620,,,,
470,,,,
7008,,,,
16849,,,,
7405,,,,
521682,,,,
593842,,,,
1073,,,,
208600,,,,
51400,,,,
225901,,,,
538128,,,,
300100,,,,
199,,,,
110550,,,,
577603,,,,
184100,,,,
394300,,,,
3615,,,,
25386,,,,
99500,,,,
448200,,,,
83600,,,,
538904,,,,
597383,,,,
10653,,,,
224300,,,,
5793,,,,
524402,,,,
226021,,,,
711,,,,
20650,,,,
139000,,,,
195000,,,,
44900,,,,
109250,,,,
598761,,,,
226113,,,,
188800,,,,
726,,,,
8764,,,,
2013,,,,
42689,,,,
220700,,,,
25500,,,,
130100,,,,
521583,,,,
132100,,,,
4800,,,,
484100,,,,
9625,,,,
539817,,,,
2273,,,,
43000,,,,
524435,,,,
136101,,,,
1726,,,,
124000,,,,
105300,,,,
6547,,,,
13035,,,,
538201,,,,
124400,,,,
1712,,,,
163100,,,,
55490,,,,
528900,,,,
596851,,,,
830,,,,
1561,,,,
539804,,,,
2043,,,,
521688,,,,
203100,,,,
521702,,,,
906,,,,
521506,,,,
539601,,,,
592500,,,,
1981,,,,
600229,,,,
54800,,,,
567600,,,,
2045,,,,
44400,,,,
565300,,,,
108000,,,,
540902,,,,
5535,,,,
110100,,,,
599720,,,,
1595,,,,
96785,,,,
22066,,,,
21225,,,,
116610,,,,
598233,,,,
597730,,,,
226042,,,,
521785,,,,
135201,,,,
527500,,,,
538403,,,,
515500,,,,
218700,,,,
462400,,,,
204600,,,,
586700,,,,
270800,,,,
583400,,,,
492401,,,,
599390,,,,
397000,,,,
521540,,,,
53840,,,,
91600,,,,
460600,,,,
379500,,,,
593835,,,,
210500,,,,
104600,,,,
448800,,,,
438800,,,,
30700,,,,
537544,,,,
95000,,,,
401600,,,,
123300,,,,
521733,,,,
573100,,,,
529700,,,,
59500,,,,
2500,,,,
599702,,,,
593813,,,,
434500,,,,
538911,,,,
14100,,,,
597507,,,,
598010,,,,
585700,,,,
92900,,,,
1501,,,,
118500,,,,
541125,,,,
394001,,,,
169500,,,,
244,,,,
139700,,,,
537506,,,,
156200,,,,
6825,,,,
13292,,,,
463,,,,
48600,,,,
1870,,,,
462700,,,,
458100,,,,
2190,,,,
2238,,,,
34200,,,,
80242,,,,
105600,,,,
7150,,,,
1796,,,,
1401,,,,
521670,,,,
537543,,,,
492300,,,,
597360,,,,
83550,,,,
228500,,,,
93400,,,,
537702,,,,
399700,,,,
598482,,,,
136500,,,,
360,,,,
300197,,,,
540947,,,,
599391,,,,
34910,,,,
17700,,,,
7483,,,,
521530,,,,
454900,,,,
2071,,,,
764,,,,
212600,,,,
54210,,,,
524415,,,,
11666,,,,
597401,,,,
597802,,,,
1875,,,,
543500,,,,
539915,,,,
8769,,,,
1357,,,,
193200,,,,
28631,,,,
206000,,,,
1364,,,,
2058,,,,
593838,,,,
4492,,,,
599091,,,,
269000,,,,
4406,,,,
896,,,,
3035,,,,
893,,,,
3009,,,,
198800,,,,
477,,,,
28676,,,,
320,,,,
11599,,,,
173800,,,,
4640,,,,
133900,,,,
224921,,,,
1122,,,,
1404,,,,
300159,,,,
230900,,,,
242,,,,
5175,,,,
559,,,,
540302,,,,
779,,,,
1132,,,,
34600,,,,
2074,,,,
804,,,,
471700,,,,
540553,,,,
38000,,,,
220800,,,,
598488,,,,
537711,,,,
229800,,,,
55900,,,,
9343,,,,
109800,,,,
734,,,,
1690,,,,
484200,,,,
1570,,,,
2850,,,,
538402,,,,
387400,,,,
161600,,,,
126600,,,,
95530,,,,
215000,,,,
492800,,,,
521727,,,,
7455,,,,
110200,,,,
1244,,,,
130500,,,,
1788,,,,
1331,,,,
57200,,,,
5625,,,,
447,,,,
126410,,,,
30444,,,,
230220,,,,
1014,,,,
537507,,,,
225,,,,
3264,,,,
176101,,,,
540520,,,,
31200,,,,
191300,,,,
46800,,,,
856,,,,
540324,,,,
404300,,,,
67300,,,,
558400,,,,
199750,,,,
1783,,,,
1863,,,,
52300,,,,
39204,,,,
187400,,,,
521630,,,,
194300,,,,
28400,,,,
881,,,,
156050,,,,
41300,,,,
954,,,,
190700,,,,
61800,,,,
205400,,,,
204900,,,,
521595,,,,
273500,,,,
10539,,,,
540400,,,,
266600,,,,
361,,,,
524470,,,,
99200,,,,
125750,,,,
142755,,,,
460200,,,,
7916,,,,
38119,,,,
36600,,,,
524424,,,,
18838,,,,
524616,,,,
586200,,,,
596859,,,,
116400,,,,
119600,,,,
74600,,,,
20726,,,,
78900,,,,
466100,,,,
196300,,,,
21780,,,,
113700,,,,
118,,,,
16986,,,,
521885,,,,
300146,,,,
3879,,,,
201300,,,,
592000,,,,
521725,,,,
2169,,,,
391100,,,,
1142,,,,
6590,,,,
115000,,,,
104700,,,,
196100,,,,
106060,,,,
179250,,,,
139800,,,,
521523,,,,
175500,,,,
140000,,,,
170200,,,,
1568,,,,
540415,,,,
120000,,,,
179500,,,,
464600,,,,
1138,,,,
1358,,,,
1439,,,,
147100,,,,
268400,,,,
227000,,,,
521910,,,,
21100,,,,
215100,,,,
521566,,,,
3906,,,,
539910,,,,
768,,,,
13200,,,,
524502,,,,
1146,,,,
167000,,,,
2042,,,,
537709,,,,
209400,,,,
1479,,,,
1160,,,,
76320,,,,
103000,,,,
539406,,,,
9560,,,,
97402,,,,
1071,,,,
1478,,,,
1678,,,,
1049,,,,
454500,,,,
597719,,,,
180,,,,
521770,,,,
540433,,,,
599716,,,,
1597,,,,
041,,,,
541,,,,
169600,,,,
395,,,,
564800,,,,
540713,,,,
541132,,,,
524433,,,,
102200,,,,
242200,,,,
593821,,,,
401,,,,
87200,,,,
13933,,,,
1410,,,,
77900,,,,
1661,,,,
593700,,,,
127700,,,,
593823,,,,
96000,,,,
416300,,,,
1585,,,,
93316,,,,
74300,,,,
447500,,,,
1943,,,,
401900,,,,
390700,,,,
1937,,,,
538515,,,,
66202,,,,
1205,,,,
1630,,,,
145900,,,,
107050,,,,
596839,,,,
192600,,,,
6138,,,,
1884,,,,
157300,,,,
468800,,,,
3293,,,,
116801,,,,
599901,,,,
539918,,,,
593805,,,,
538109,,,,
169510,,,,
2072,,,,
695,,,,
8341,,,,
75400,,,,
208700,,,,
11617,,,,
564900,,,,
2329,,,,
540936,,,,
125100,,,,
225440,,,,
159200,,,,
2155,,,,
1728,,,,
530800,,,,
4420,,,,
25779,,,,
83300,,,,
540522,,,,
941,,,,
1706,,,,
5540321,,,,
832,,,,
582500,,,,
540439,,,,
207200,,,,
2078,,,,
16300,,,,
598471,,,,
514000,,,,
224917,,,,
32175,,,,
7322,,,,
540450,,,,
5372,,,,
540201,,,,
187600,,,,
540528,,,,
1920,,,,
541120,,,,
593833,,,,
565,,,,
597723,,,,
5454542,,,,
521731,,,,
524507,,,,
228750,,,,
1532,,,,
35941,,,,
3916,,,,
17519,,,,
130101,,,,
1003,,,,
436200,,,,
43100,,,,
115300,,,,
736,,,,
524617,,,,
540725,,,,
12525,,,,
2307,,,,
599900,,,,
1409,,,,
3362,,,,
593806,,,,
2177,,,,
401000,,,,
538303,,,,
164000,,,,
1915,,,,
537822,,,,
540559,,,,
111300,,,,
9393,,,,
593830,,,,
195300,,,,
704,,,,
53800,,,,
540549,,,,
193300,,,,
151301,,,,
162900,,,,
40900,,,,
521803,,,,
12600,,,,
180350,,,,
230700,,,,
538202,,,,
540922,,,,
63000,,,,
94800,,,,
121100,,,,
220620,,,,
180360,,,,
501200,,,,
138600,,,,
539411,,,,
430400,,,,
540722,,,,
226109,,,,
1351,,,,
1170,,,,
540718,,,,
1840,,,,
555800,,,,
10630,,,,
200140,,,,
14560,,,,
14200,,,,
521689,,,,
96860,,,,
189450,,,,
160501,,,,
537701,,,,
85437,,,,
4065,,,,
1702,,,,
124700,,,,
10450,,,,
114650,,,,
540728,,,,
236,,,,
4600,,,,
1825,,,,
597732,,,,
658,,,,
163500,,,,
216000,,,,
540557,,,,
389700,,,,
9552,,,,
107900,,,,
211150,,,,
436400,,,,
538519,,,,
77700,,,,
6932,,,,
8457,,,,
26000,,,,
47800,,,,
181800,,,,
225160,,,,
169450,,,,
103100,,,,
55461,,,,
203400,,,,
2251,,,,
18182,,,,
1315,,,,
401800,,,,
200130,,,,
521745,,,,
597393,,,,
599703,,,,
521678,,,,
1993,,,,
706,,,,
420053,,,,
110701,,,,
2134,,,,
540611,,,,
597743,,,,
11761,,,,
117100,,,,
232200,,,,
435200,,,,
166000,,,,
224500,,,,
9950,,,,
226029,,,,
49300,,,,
502300,,,,
512,,,,
83750,,,,
1659,,,,
193600,,,,
1534,,,,
521915,,,,
521200,,,,
2106,,,,
229950,,,,
5700,,,,
540554,,,,
138000,,,,
521794,,,,
165100,,,,
521676,,,,
193800,,,,
585710,,,,
59900,,,,
13808,,,,
524429,,,,
234900,,,,
599713,,,,
117800,,,,
1889,,,,
192400,,,,
1738,,,,
1941,,,,
415600,,,,
109240,,,,
271,,,,
92600,,,,
181610,,,,
13694,,,,
299,,,,
142,,,,
420017,,,,
541101,,,,
111600,,,,
2286,,,,
551000,,,,
33310,,,,
155320,,,,
1567,,,,
560600,,,,
118700,,,,
8480,,,,
537820,,,,
207000,,,,
8073,,,,
521913,,,,
540414,,,,
117400,,,,
393200,,,,
188900,,,,
537502,,,,
27125,,,,
30543,,,,
9928,,,,
521703,,,,
578,,,,
597580,,,,
515800,,,,
300139,,,,
539204,,,,
3825,,,,
644,,,,
2293,,,,
984,,,,
540315,,,,
312,,,,
226503,,,,
415300,,,,
226047,,,,
157200,,,,
521870,,,,
227900,,,,
195800,,,,
232300,,,,
22383,,,,
93005,,,,
145200,,,,
1167,,,,
540525,,,,
1131,,,,
16098,,,,
29400,,,,
537508,,,,
540303,,,,
596950,,,,
867,,,,
271600,,,,
461410,,,,
307,,,,
229817,,,,
1431,,,,
670026,,,,
383100,,,,
426600,,,,
247600,,,,
598476,,,,
142750,,,,
3060,,,,
4700,,,,
20106,,,,
555500,,,,
28900,,,,
534,,,,
38040,,,,
29200,,,,
220622,,,,
208,,,,
225250,,,,
218400,,,,
181500,,,,
106080,,,,
119100,,,,
598040,,,,
233500,,,,
226048,,,,
192100,,,,
540455,,,,
900,,,,
597373,,,,
219910,,,,
549700,,,,
524425,,,,
566900,,,,
540623,,,,
55100,,,,
418550,,,,
599100,,,,
471400,,,,
539301,,,,
19700,,,,
538002,,,,
524468,,,,
225120,,,,
86500,,,,
521851,,,,
530700,,,,
589802,,,,
521687,,,,
599030,,,,
103300,,,,
203200,,,,
25100,,,,
224915,,,,
146100,,,,
121300,,,,
463600,,,,
537714,,,,
420024,,,,
51112,,,,
420066,,,,
219400,,,,
585200,,,,
600211,,,,
1608,,,,
161300,,,,
1647,,,,
151100,,,,
521796,,,,
4670,,,,
239500,,,,
514300,,,,
6175,,,,
561205,,,,
119500,,,,
82700,,,,
155500,,,,
1768,,,,
2256,,,,
640,,,,
118920,,,,
44800,,,,
105700,,,,
90400,,,,
915,,,,
171100,,,,
226660,,,,
464800,,,,
539908,,,,
12354,,,,
2241,,,,
538516,,,,
14817,,,,
1660,,,,
537540,,,,
65150,,,,
118900,,,,
537627,,,,
298970,,,,
521762,,,,
78000,,,,
204700,,,,
351,,,,
138300,,,,
3748,,,,
20700,,,,
465900,,,,
86300,,,,
99800,,,,
337,,,,
3763,,,,
379000,,,,
524471,,,,
556000,,,,
95400,,,,
417700,,,,
521802,,,,
217,,,,
1883,,,,
20066,,,,
31679,,,,
780,,,,
467600,,,,
529000,,,,
600120,,,,
50200,,,,
537511,,,,
126500,,,,
540002,,,,
467400,,,,
1907,,,,
597070,,,,
195900,,,,
492405,,,,
24668,,,,
449000,,,,
6390,,,,
2637,,,,
9840,,,,
30400,,,,
3205,,,,
224916,,,,
266900,,,,
79800,,,,
580800,,,,
2581,,,,
72189,,,,
203600,,,,
226051,,,,
32846,,,,
14740,,,,
1819,,,,
1137,,,,
524411,,,,
2082,,,,
521811,,,,
598055,,,,
4210,,,,
19831,,,,
521603,,,,
1273,,,,
1140,,,,
492200,,,,
521605,,,,
2166,,,,
6900,,,,
600207,,,,
1766,,,,
300126,,,,
1237,,,,
150510,,,,
914,,,,
199600,,,,
56900,,,,
1908,,,,
84300,,,,
898,,,,
564,,,,
226054,,,,
926,,,,
598056,,,,
209000,,,,
600226,,,,
18550,,,,
521547,,,,
530400,,,,
398,,,,
189700,,,,
2084,,,,
769,,,,
58600,,,,
229811,,,,
2129,,,,
537814,,,,
119200,,,,
136300,,,,
5299,,,,
1395,,,,
540905,,,,
540411,,,,
5221,,,,
102000,,,,
1718,,,,
97450,,,,
437700,,,,
521763,,,,
599840,,,,
540900,,,,
230250,,,,
2053,,,,
524430,,,,
226043,,,,
211300,,,,
81650,,,,
7800,,,,
550600,,,,
524418,,,,
95700,,,,
65400,,,,
73500,,,,
540428,,,,
221103,,,,
226061,,,,
110300,,,,
269700,,,,
36200,,,,
150500,,,,
538127,,,,
150300,,,,
32755,,,,
240300,,,,
521773,,,,
599715,,,,
597504,,,,
524442,,,,
599243,,,,
521505,,,,
64400,,,,
174400,,,,
543200,,,,
226007,,,,
2066,,,,
38668,,,,
577,,,,
487,,,,
200150,,,,
521653,,,,
50276,,,,
180950,,,,
908,,,,
162201,,,,
106900,,,,
1386,,,,
7400,,,,
600051,,,,
537802,,,,
45400,,,,
68300,,,,
155800,,,,
1123,,,,
384,,,,
194,,,,
524632,,,,
145000,,,,
419200,,,,
524475,,,,
15660,,,,
521817,,,,
143250,,,,
142000,,,,
543900,,,,
2929,,,,
598481,,,,
1741,,,,
521704,,,,
583000,,,,
66000,,,,
585100,,,,
524605,,,,
524421,,,,
597805,,,,
245,,,,
8404,,,,
4211,,,,
143737,,,,
90500,,,,
1816,,,,
599230,,,,
540551,,,,
206600,,,,
33100,,,,
213800,,,,
598051,,,,
239,,,,
438300,,,,
450,,,,
61573,,,,
5600,,,,
66800,,,,
1248,,,,
521690,,,,
30419,,,,
597094,,,,
540711,,,,
167100,,,,
784,,,,
521576,,,,
582400,,,,
82100,,,,
327,,,,
124900,,,,
1469,,,,
540111,,,,
39600,,,,
2215,,,,
42685,,,,
521905,,,,
468300,,,,
123600,,,,
475300,,,,
27058,,,,
397800,,,,
76100,,,,
239100,,,,
119700,,,,
878,,,,
3400,,,,
35418,,,,
1536,,,,
397400,,,,
524622,,,,
8102,,,,
575800,,,,
159,,,,
521922,,,,
965,,,,
152200,,,,
3650,,,,
178400,,,,
172600,,,,
119000,,,,
586300,,,,
433,,,,
598752,,,,
433400,,,,
174900,,,,
402300,,,,
1790,,,,
7581,,,,
1969,,,,
521823,,,,
178900,,,,
521694,,,,
565100,,,,
87400,,,,
107950,,,,
540621,,,,
1065,,,,
142400,,,,
3062550,,,,
521801,,,,
29135,,,,
145700,,,,
248200,,,,
98400,,,,
491300,,,,
434700,,,,
1494,,,,
1698,,,,
2092,,,,
223100,,,,
19269,,,,
472000,,,,
524451,,,,
524479,,,,
593831,,,,
163700,,,,
181600,,,,
1774,,,,
543800,,,,
1835,,,,
200301,,,,
146,,,,
1957,,,,
541108,,,,
12038,,,,
223200,,,,
181904,,,,
782,,,,
540109,,,,
535,,,,
148200,,,,
1207,,,,
7806,,,,
25178,,,,
521784,,,,
80300,,,,
214401,,,,
597262,,,,
32747,,,,
59866,,,,
1111,,,,
598820,,,,
2186,,,,
249,,,,
2314,,,,
396600,,,,
413700,,,,
538707,,,,
117000,,,,
540509,,,,
590,,,,
226069,,,,
259,,,,
2097,,,,
20400,,,,
2300,,,,
448100,,,,
83570,,,,
19100,,,,
269300,,,,
80800,,,,
23479,,,,
521819,,,,
1219,,,,
1658,,,,
515000,,,,
539827,,,,
4163,,,,
569900,,,,
122650,,,,
120944,,,,
550,,,,
863,,,,
976,,,,
538013,,,,
600190,,,,
463900,,,,
545900,,,,
29621,,,,
1628,,,,
539833,,,,
599700,,,,
9053,,,,
392900,,,,
599719,,,,
521810,,,,
57700,,,,
1044,,,,
86820,,,,
35201,,,,
1673,,,,
39805,,,,
540449,,,,
471600,,,,
6800,,,,
404900,,,,
57600,,,,
573,,,,
281,,,,
74500,,,,
1043,,,,
245400,,,,
537806,,,,
77300,,,,
1009,,,,
1216,,,,
427800,,,,
521571,,,,
191500,,,,
1369,,,,
1194,,,,
381,,,,
5035,,,,
2060,,,,
122300,,,,
226064,,,,
598900,,,,
264,,,,
113600,,,,
42679,,,,
151306,,,,
26550,,,,
262,,,,
122631,,,,
13700,,,,
540926,,,,
11084,,,,
2115,,,,
190800,,,,
226500,,,,
568,,,,
19074,,,,
1890,,,,
1135,,,,
21800,,,,
7973,,,,
86100,,,,
79300,,,,
107400,,,,
1067,,,,
371,,,,
1979,,,,
118200,,,,
234100,,,,
1592,,,,
16624,,,,
569500,,,,
767,,,,
539909,,,,
540514,,,,
1365,,,,
51500,,,,
10610,,,,
1436,,,,
468600,,,,
274,,,,
224924,,,,
595,,,,
1171,,,,
420069,,,,
1850,,,,
99320,,,,
84700,,,,
597501,,,,
438400,,,,
220610,,,,
180400,,,,
1952,,,,
5810,,,,
9263,,,,
1546,,,,
1084,,,,
207400,,,,
436300,,,,
538502,,,,
521607,,,,
417400,,,,
460050,,,,
83869,,,,
2185,,,,
184600,,,,
43364,,,,
599660,,,,
378200,,,,
521648,,,,
2040,,,,
30056,,,,
31400,,,,
85100,,,,
785,,,,
459800,,,,
1032,,,,
31840,,,,
114800,,,,
206900,,,,
6544,,,,
3740,,,,
599540,,,,
358,,,,
2032,,,,
271200,,,,
2749,,,,
5540305,,,,
3700,,,,
540544,,,,
657,,,,
7669,,,,
42300,,,,
3120,,,,
11214,,,,
2149,,,,
29300,,,,
420046,,,,
115100,,,,
1081,,,,
472300,,,,
1802,,,,
159000,,,,
555900,,,,
21599,,,,
227800,,,,
224902,,,,
134,,,,
4278,,,,
466700,,,,
159400,,,,
2120,,,,
524,,,,
164200,,,,
165,,,,
158605,,,,
1121,,,,
541104,,,,
513,,,,
4386,,,,
540942,,,,
1598,,,,
6203,,,,
223900,,,,
598472,,,,
40700,,,,
127600,,,,
38800,,,,
1004,,,,
597807,,,,
15400,,,,
178100,,,,
4490,,,,
598670,,,,
1565,,,,
521602,,,,
538117,,,,
538800,,,,
12051,,,,
1748,,,,
6500,,,,
584200,,,,
2056,,,,
19950,,,,
247900,,,,
62500,,,,
598235,,,,
426500,,,,
413,,,,
1887,,,,
1090,,,,
538021,,,,
5197,,,,
895,,,,
89800,,,,
28191,,,,
598682,,,,
936,,,,
142800,,,,
37200,,,,
3250,,,,
4430,,,,
521620,,,,
7600,,,,
39800,,,,
20200,,,,
32101,,,,
8125,,,,
57900,,,,
597459,,,,
65110,,,,1
140900,,,,
537505,,,,
214900,,,,
166800,,,,
225903,,,,
185100,,,,
239000,,,,
514200,,,,1
210900,,,,
213700,,,,
573000,,,,
198,,,,
114200,,,,
540940,,,,
202800,,,,
539501,,,,
68500,,,,
225902,,,,
224910,,,,
182900,,,,
94700,,,,
144000,,,,
226072,,,,
521550,,,,
7821,,,,
226045,,,,
211500,,,,
521684,,,,
1117,,,,
11900,,,,
777,,,,
378,,,,
155000,,,,
89900,,,,
540413,,,,
599701,,,,
15200,,,,
521619,,,,
152800,,,,
1402,,,,
42200,,,,
19509,,,,
599841,,,,
1668,,,,
129900,,,,
403900,,,,
538507,,,,
161750,,,,
118400,,,,
540112,,,,
541117,,,,
1851,,,,
182,,,,
534400,,,,
114600,,,,
49900,,,,
191700,,,,
209300,,,,
37800,,,,
138500,,,,
432900,,,,
192800,,,,
245600,,,,
1036,,,,
547703,,,,
209,,,,
204400,,,,
246300,,,,
1520,,,,
598687,,,,
3235,,,,
467800,,,,
496300,,,,
16813,,,,
7550,,,,
205200,,,,
211050,,,,
28800,,,,
212500,,,,
521665,,,,
112,,,,
628,,,,
443,,,,
557,,,,
969,,,,
248500,,,,
200900,,,,
1150,,,,
593846,,,,
521771,,,,
13400,,,,
540613,,,,
2114,,,,
242500,,,,
2630,,,,
1188,,,,
407,,,,
2707,,,,
35200,,,,
2308,,,,
97034,,,,
521742,,,,
2734,,,,
177800,,,,
12000,,,,
597093,,,,
17901,,,,
463400,,,,
521565,,,,
537704,,,,
224922,,,,
365,,,,
275,,,,
497,,,,
597512,,,,
1444,,,,
50700,,,,
8520,,,,
154930,,,,
416700,,,,
774,,,,
201700,,,,
593850,,,,
10096,,,,
2331,,,,
48700,,,,
1610,,,,
23621,,,,
369,,,,
74400,,,,
5208,,,,
3778,,,,
1118,,,,
467700,,,,
60900,,,,
87120,,,,
597511,,,,
524629,,,,
540011,,,,
1992,,,,
2118,,,,
1191,,,,
229814,,,,
2173,,,,
513300,,,,
1028,,,,
448,,,,
537613,,,,
22600,,,,
243500,,,,
821,,,,
995,,,,
1545454,,,,
598054,,,,
596852,,,,
247100,,,,
039,,,,
3521,,,,
32402,,,,
97200,,,,
469800,,,,
95353,,,,
540320,,,,
981,,,,
596837,,,,
540949,,,,
1406,,,,
21925,,,,
65500,,,,
37700,,,,
6197,,,,
1416,,,,
192700,,,,
513600,,,,
152,,,,
29600,,,,
42000,,,,
1946,,,,
521527,,,,
537611,,,,
215200,,,,
2210,,,,
24910,,,,
464,,,,
975,,,,
521509,,,,
1717,,,,
32570,,,,
1729,,,,
539808,,,,
245000,,,,
26711,,,,
53029,,,,
174700,,,,
1704,,,,
521649,,,,
524624,,,,
354,,,,
521513,,,,
157000,,,,
246700,,,,
219050,,,,
15000,,,,
149,,,,
1462,,,,
540954,,,,
597374,,,,
599020,,,,
599704,,,,
514600,,,,
226103,,,,
52400,,,,
540550,,,,
521631,,,,
1934,,,,
171820,,,,
17800,,,,
539302,,,,
9700,,,,
524611,,,,
561000,,,,
212900,,,,
6200,,,,
591754,,,,
2201,,,,
553902,,0,,
597721,,,,
537603,,,,
239200,,,,
433800,,,,
2600,,,,
597703,,,,
540618,,,,
435100,,,,
108900,,,,
572000,,,,
14150,,,,
540412,,,,
199730,,,,
335,,,,
349,,,,
9574,,,,
35880,,,,
271000,,,,
5540317,,,,
4362,,,,
436900,,,,
379400,,,,
2335,,,,
189100,,,,
403300,,,,
1962,,,,
448400,,,,
1795,,,,
492000,,,,
13365,,,,
234000,,,,
202000,,,,
2281,,,,
521880,,,,
27443,,,,
540008,,,,
15900,,,,
2288,,,,
14763,,,,
472500,,,,
6204,,,,
597152,,,,
204,,,,
1625,,,,
540104,,,,
1313,,,,
524636,,,,
433700,,,,
149400,,,,
1911,,,,
238725,,,,
1921,,,,
78700,,,,
130,,,,
1144,,,,
540920,,,,
492100,,,,
1470,,,,
521592,,,,
494,,,,
155300,,,,
2172,,,,
52050,,,,
10065,,,,
238,,,,
229813,,,,
17516,,,,
437000,,,,
537813,,,,
597514,,,,
7105,,,,
537524,,,,
230,,,,
139300,,,,
150,,,,
593857,,,,
13230,,,,
540632,,,,
2020,,,,
87150,,,,
485,,,,
58700,,,,
151700,,,,
14600,,,,
173600,,,,
182500,,,,
852,,,,
36400,,,,
465300,,,,
173400,,,,
219500,,,,
958,,,,
20100,,,,
399900,,,,
521820,,,,
521883,,,,
4799,,,,
6600,,,,
240200,,,,
538134,,,,
521654,,,,
540702,,,,
401400,,,,
61300,,,,
391,,,,
540512,,,,
1487,,,,
555700,,,,
413601,,,,
11000,,,,
875,,,,
535800,,,,
1596,,,,
509,,,,
561300,,,,
107200,,,,
521898,,,,
85900,,,,
538804,,,,
8475,,,,
2005,,,,
96840,,,,
142741,,,,
484000,,,,
521881,,,,
491100,,,,
670011,,,,
173900,,,,
4242,,,,
97212,,,,
20908,,,,
600214,,,,
124100,,,,
248600,,,,
32000,,,,
6025,,,,
114000,,,,
1334,,,,
1460,,,,
52500,,,,
538131,,,,
226016,,,,
226008,,,,
121200,,,,
8755,,,,
143350,,,,
400800,,,,
22679,,,,
300116,,,,
20590,,,,
586900,,,,
184151,,,,
521710,,,,
599000,,,,
550400,,,,
394200,,,,
597740,,,,
743,,,,
30890,,,,
527,,,,
605,,,,
88500,,,,
142300,,,,
538902,,,,
227,,,,
198200,,,,
1162,,,,
1380,,,,
2003,,,,
1270,,,,
466900,,,,
132250,,,,
373,,,,
151600,,,,
160400,,,,
429300,,,,
429400,,,,
524401,,,,
9997,,,,
21587,,,,
540114,,,,
10001,,,,
460000,,,,
58400,,,,
13084,,,,
2271,,,,
10320,,,,
4351,,,,
228400,,,,
3634,,,,
537617,,,,
962,,,,
90002,,,,
1452,,,,
540951,,,,
18200,,,,
598963,,,,
521573,,,,
6713,,,,
226950,,,,
272300,,,,
484,,,,
62300,,,,
731,,,,
13900,,,,
226038,,,,
491500,,,,
156550,,,,
8400,,,,
144801,,,,
45800,,,,
46300,,,,
521792,,,,
231150,,,,
529900,,,,
585,,,,
524454,,,,
224903,,,,
183700,,,,
206700,,,,
157600,,,,
119400,,,,
33150,,,,
1699,,,,
117600,,,,
428400,,,,
540619,,,,
226840,,,,
1931,,,,
170150,,,,
231300,,,,
949,,,,
164,,,,
69800,,,,
696,,,,
1392,,,,
28171,,,,
540950,,,,
163900,,,,
521876,,,,
34050,,,,
226012,,,,
7160,,,,
90211,,,,
420435,,,,
1419,,,,
225231,,,,
597747,,,,
221200,,,,
521753,,,,
159600,,,,
593810,,,,
171300,,,,
2171,,,,
141800,,,,
300173,,,,
3361,,,,
521572,,,,
5744,,,,
24700,,,,
67500,,,,
1675,,,,
226620,,,,
125751,,,,
98300,,,,
414,,,,
29800,,,,
219950,,,,
1519,,,,
124600,,,,
106200,,,,
420042,,,,
2284,,,,
273000,,,,
524608,,,,
468400,,,,
110000,,,,
555,,,,
201200,,,,
6886,,,,
593817,,,,
462100,,,,
762,,,,
538018,,,,
1716,,,,
599722,,,,
28000,,,,
75300,,,,
2159,,,,
20270,,,,
200110,,,,
2197,,,,
598484,,,,
524445,,,,
4008,,,,
14110,,,,
599408,,,,
521911,,,,
213990,,,,
1797,,,,
539801,,,,
1977,,,,
634,,,,
25600,,,,
58300,,,,
524460,,,,
379600,,,,
597801,,,,
175250,,,,
2204,,,,
165500,,,,
226031,,,,
1022,,,,
96300,,,,
90900,,,,
682,,,,
593808,,,,
1310,,,,
599406,,,,
770,,,,
521529,,,,
208900,,,,
50703,,,,
35400,,,,
524459,,,,
199900,,,,
1633,,,,
213100,,,,
1126,,,,
451800,,,,
1745,,,,
90800,,,,
598041,,,,
236400,,,,
140700,,,,
574,,,,
521672,,,,
154300,,,,
3491,,,,
53600,,,,
48300,,,,
147300,,,,
81400,,,,
93300,,,,
539902,,,,
382,,,,
540504,,,,
2016,,,,
5340,,,,
33500,,,,
436000,,,,
2636,,,,
540909,,,,
575700,,,,
222050,,,,
343,,,,
524494,,,,
538118,,,,
566300,,,,
578700,,,,
538509,,,,
1740,,,,
1817,,,,
766,,,,
419100,,,,
1640,,,,
1103,,,,
114900,,,,
194800,,,,
125900,,,,
231151,,,,
521705,,,,
179600,,,,
524484,,,,
466000,,,,
14190,,,,
521591,,,,
84400,,,,
58200,,,,
685,,,,
193900,,,,
2750,,,,
639,,,,
96700,,,,
27492,,,,
85450,,,,
577602,,,,
1928,,,,
539603,,,,
2280,,,,
2304,,,,
925,,,,
2183,,,,
5565,,,,
8604,,,,
156000,,,,
540726,,,,
160900,,,,
614,,,,
1139,,,,
433100,,,,
689,,,,
599970,,,,
541129,,,,
48200,,,,
28375,,,,
113000,,,,
1397,,,,
208300,,,,
213900,,,,
66900,,,,
31630,,,,
478,,,,
521759,,,,
364,,,,
40361,,,,
4910,,,,
4050,,,,
1102,,,,
181910,,,,
521879,,,,
1696,,,,
1622,,,,
226345,,,,
538701,,,,
566000,,,,
435500,,,,
540327,,,,
529600,,,,
116000,0,2018,0,0
418600,,,,
540717,,,,
218200,,,,
540626,,,,
1865,,,,
521766,,,,
521781,,,,
200550,,,,
32102,,,,
43800,,,,
147900,,,,
47300,0,2018,0,0
21600,,,,
59800,,,,
139600,,,,
43500,,,,
464400,,,,
600225,,,,
537607,,,,
211100,,,,
20900,,,,
501500,,,,
521746,,,,
593811,,,,
247000,,,,
883,,,,
135800,,,,
126000,,,,
1203,,,,
16630,,,,
540716,,,,
173500,,,,
1578,,,,
151201,,,,
448300,,,,
598960,,,,
156700,,,,
226111,,,,
599450,,,,
34000,,,,
1050,,,,
154,,,,
9999999,,,,
2701,,,,
1447,,,,
2229,,,,
1948,,,,
540710,,,,
49879,,,,
596834,,,,
162400,,,,
17621,,,,
27437,,,,
45694,,,,
21939,,,,
593840,,,,
1215,,,,
56000,,,,
923,,,,
537816,,,,
2296,,,,
100600,,,,
54488,,,,
1617,,,,
527300,,,,
9480,,,,
1655,,,,
17820,,,,
1282,,,,
551100,,,,
7462,,,,
974,,,,
600232,,,,
537616,,,,
521502,,,,
78400,,,,
1987,,,,
18597,,,,
69750,,,,
174150,,,,
664,,,,
1208,,,,
103240,,,,
1002,,,,
4787,,,,
166600,,,,
598290,,,,
622,,,,
571,,,,
377800,,,,
420081,,,,
221900,,,,
138700,,,,
600130,,,,
2019,,,,
32100,,,,
598964,,,,
458400,,,,
1656,,,,
1481,,,,
1516,,,,
117900,,,,
577000,,,,
16900,,,,
225130,,,,
41850,,,,
1456,,,,
238750,,,,
165650,,,,
106300,,,,
387200,,,,
96405,,,,
539502,,,,
1527,,,,
266001,,,,
540447,,,,
599040,,,,
21500,,,,
420003,,,,
172550,,,,
157900,,,,
1858,,,,
1115,,,,
5540322,,,,
332,,,,
513500,,,,
8763,,,,
539800,,,,
539802,,,,
467200,,,,
20600,,,,
28362,,,,
946,,,,
176000,,,,
107722,,,,
227950,,,,
89300,,,,
577605,,,,
467100,,,,
483,,,,
2050,,,,
538115,,,,
33550,,,,
827,,,,
6724,,,,
521793,,,,
131200,,,,
43300,,,,
3431,,,,
7050,,,,
571400,,,,
12043,,,,
502400,,,,
1383,,,,
150400,,,,
272500,,,,
521788,,,,
8100,,,,
2079,,,,
435700,,,,
225765,,,,
524634,,,,
3609,,,,
800,,,,
31900,,,,
200600,,,,
2191,,,,
28610,,,,
28824,,,,
597491,,,,
103400,,,,
937,,,,
229801,,,,
226750,,,,
35300,,,,
104500,,,,
466150,,,,
1657,,,,
2147,,,,
545,,,,
433500,,,,
43004,,,,
16613,,,,
228740,,,,
521560,,,,
269600,,,,
7217,,,,
171400,,,,
1063,,,,
122660,,,,
128400,,,,
492406,,,,
6300,,,,
1524,,,,
321,,,,
188400,,,,
598550,,,,
1566,,,,
70700,,,,
597390,,,,
599404,,,,
32530,,,,
225905,,,,
379300,,,,
598486,,,,
172900,,,,
158600,,,,
1411,,,,
541400,,,,
2142,,,,
226350,,,,
98000,,,,
540714,,,,
428000,,,,
521542,,,,
66300,,,,
391400,,,,
521600,,,,
540923,,,,
194000,,,,
541123,,,,
540929,,,,
538306,,,,
467000,,,,
266000,,,,
148050,,,,
182800,,,,
226011,,,,
597505,,,,
108100,,,,
83100,,,,
540417,,,,
501800,,,,
536300,,,,
437600,,,,
597389,,,,
524465,,,,
24100,,,,
470000,,,,
225740,,,,
521698,,,,
521912,,,,
539700,,,,
521636,,,,
730,,,,
179400,,,,
5736,,,,
2231,,,,
386900,,,,
481,,,,
1184,,,,
8652,,,,
14285,,,,
521924,,,,
548,,,,
118800,,,,
211800,,,,
25556,,,,
459300,,,,
178500,,,,
1860,,,,
556,,,,
448700,,,,
567200,,,,
13500,,,,
540306,,,,
103800,,,,
458200,,,,
1101,,,,
464000,,,,
7574,,,,
2178,,,,
38333,,,,
1798,,,,
92700,,,,
6229,,,,
1435,,,,
521887,,,,
537805,,,,
412,,,,
521909,,,,
94500,,,,
530900,,,,
540515,,,,
40471,,,,
2087,,,,
524453,,,,
224905,,,,
238100,,,,
74700,,,,
589500,,,,
6680,,,,
600090,,,,
8771,,,,
598400,,,,
26860,,,,
125401,,,,
265700,,,,
19887,,,,
68200,,,,
524504,,,,
300242,,,,
6942,,,,
116920,,,,
7514,,,,
157360,,,,
521859,,,,
14900,,,,
985,,,,
550800,,,,
122900,,,,
100400,,,,
599242,,,,
415700,,,,
437400,,,,
280,,,,
31622,,,,
212850,,,,
521862,,,,
21000,,,,
4785,,,,
1809,,,,
540507,,,,
540426,,,,
4545454,,,,
524426,,,,
75801,,,,
1204,,,,
205000,,,,
1010,,,,
31100,,,,
5120,,,,
185500,,,,
1294,,,,
2242,,,,
756,,,,
1187,,,,
34550,,,,
599431,,,,
1414,,,,
655,,,,
593802,,,,
188500,,,,
857,,,,
859,,,,
582700,,,,
540437,,,,
540454,,,,
596861,,,,
600227,,,,
126300,,,,
267,,,,
3880,,,,
132700,,,,
521890,,,,
540630,,,,
105350,,,,
2006,,,,
492700,,,,
538705,,,,
799,,,,
1476,,,,
4010,,,,
541110,,,,
208800,,,,
521747,,,,
990,,,,
226003,,,,
130135,,,,
378900,,,,
74100,,,,
293,,,,
593834,,,,
1079,,,,
574300,,,,
108700,,,,
458600,,,,
524420,,,,
548303,,,,
415200,,,,
2453,,,,
214600,,,,
59807,,,,
724,,,,
32646,,,,
226340,,,,
67245,,,,
129550,,,,
94300,,,,
521618,,,,
849,,,,
100,,,,
405300,,,,
114501,,,,
147950,,,,
1701,,,,
51000,,,,
1619,,,,
588,,,,
1737,,,,
300101,,,,
488,,,,
963,,,,
5417,,,,
524406,,,,
540102,,,,
51300,,,,
214000,,,,
942,,,,
115200,,,,
521708,,,,
417800,,,,
60300,,,,
232500,,,,
944,,,,
834,,,,
212100,,,,
577401,,,,
15100,,,,
597806,,,,
1692,,,,
811,,,,
7876,,,,
524458,,,,
599430,,,,
524620,,,,
540308,,,,
181100,,,,
540907,,,,
268700,,,,
186300,,,,
540614,,,,
58500,,,,
224400,,,,
521790,,,,
541100,,,,
521642,,,,
592900,,,,
9200,,,,
221650,,,,
597462,,,,
76401,,,,
178700,,,,
17200,,,,
71100,,,,
84600,,,,
207940,,,,
171500,,,,
521719,,,,
2319,,,,
406,,,,
447100,,,,
22230,,,,
391200,,,,
1662,,,,
539811,,,,
309,,,,
598971,,,,
662,,,,
101400,,,,
10600,,,,
96200,,,,
197350,,,,
1971,,,,
491,,,,
6883,,,,
190300,,,,
247300,,,,
2135,,,,
13223,,,,
20255,,,,
537900,,,,
27184,,,,
236500,,,,
539407,,,,
2524,,,,
378000,,,,
599244,,,,
153900,,,,
546502,,,,
464900,,,,
1088,,,,
6538,,,,
540608,,,,
40500,,,,
476,,,,
160800,,,,
35153,,,,
521671,,,,
7836,,,,
95520,,,,
529500,,,,
525,,,,
1074,,,,
32103,,,,
11700,,,,
68700,,,,
2122,,,,
233800,,,,
578900,,,,
2209,,,,
274100,,,,
418800,,,,
78300,,,,
469400,,,,
76500,,,,
1853,,,,
840,,,,
35600,,,,
66400,,,,
521626,,,,
2112,,,,
1913,,,,
221000,,,,
215400,,,,
10945,,,,
1806,,,,
822,,,,
57400,,,,
540521,,,,
183300,,,,
2243,,,,
82500,,,,
539837,,,,
1912,,,,
2153,,,,
540563,,,,
537825,,,,
593200,,,,
1174,,,,
300102,,,,
537520,,,,
549800,,,,
598640,,,,
61100,,,,
19600,,,,
521726,,,,
8527,,,,
128,,,,
919,,,,
447400,,,,
244600,,,,
20143,,,,
402,,,,
224906,,,,
10725,,,,
524618,,,,
459000,,,,
540001,,,,
458300,,,,
521906,,,,
524412,,,,
1886,,,,
226105,,,,
684,,,,
35625,,,,
991,,,,
20250,,,,
122600,,,,
1347,,,,
4095,,,,
446900,,,,
95900,,,,
2705,,,,
467,,,,
31612,,,,
40190,,,,
952,,,,
4300,,,,
359,,,,
431,,,,
582,,,,
2008,,,,
1929,,,,
189500,,,,
3959,,,,
123400,,,,
224914,,,,
558500,,,,
272400,,,,
597250,,,,
104100,,,,
521609,,,,
96850,,,,
170,,,,
110600,,,,
27800,,,,
168000,,,,
2820,,,,
1349,,,,
168350,,,,
244900,,,,
9624,,,,
597380,,,,
540505,,,,
1463,,,,
1723,,,,
2305,,,,
238800,,,,
38300,,,,
116700,,,,
114400,,,,
538514,,,,
26600,,,,
1847,,,,
408,,,,
11649,,,,
401100,,,,
228600,,,,
537826,,,,
116650,,,,
599400,,,,
352,,,,
23100,,,,
537803,,,,
45862,,,,
110700,,,,
1667,,,,
2213,,,,
12400,,,,
154600,,,,
300199,,,,
10222,,,,
3000,,,,
1109,,,,
530000,,,,
693,,,,
226108,,,,
2015,,,,
1038,,,,
2212,,,,
772,,,,
540,,,,
521780,,,,
524477,,,,
1830,,,,
21074,,,,
124,,,,
198450,,,,
94000,,,,
584500,,,,
521767,,,,
103500,,,,
414900,,,,
136701,,,,
273200,,,,
221400,,,,
404400,,,,
521699,,,,
538001,,,,
598487,,,,
137640,,,,
42400,,,,
222500,,,,
540584,,,,
1885,,,,
2080,,,,
24550,,,,
1471,,,,
46900,,,,
538506,,,,
8888,,,,
185400,,,,
2105,,,,
7838,,,,
118300,,,,
190600,,,,
540600,,,,
17427,,,,
538913,,,,
538504,,,,
80200,,,,
2113,,,,
528400,,,,
1153,,,,
41700,,,,
396,,,,
41472,,,,
36155,,,,
94100,,,,
841,,,,
43668,,,,
600150,,,,
1942,,,,
6573,,,,
2192,,,,
625,,,,
4725,,,,
540727,,,,
11250,,,,
27933,,,,
19500,,,,
1577,,,,
996,,,,
599407,,,,
521735,,,,
599730,,,,
230600,,,,
5204,,,,
85800,,,,
173700,,,,
49000,,,,
649,,,,
174100,,,,
5454543,,,,
268,,,,
597503,,,,
216500,,,,
224923,,,,
147800,,,,
540443,,,,
714,,,,
587000,,,,
538205,,,,
13990,,,,
185800,,,,
151302,,,,
599432,,,,
521611,,,,
107350,,,,
1329,,,,
7553,,,,
6054,,,,
423000,,,,
600230,,,,
274500,,,,
540620,,,,
378400,,,,
175050,,,,
89951,,,,
11180,,,,
78500,,,,
540627,,,,
23122,,,,
521606,,,,
193700,,,,
223700,,,,
598483,,,,
907,,,,
216200,,,,
211085,,,,
1281,,,,
224904,,,,
597737,,,,
201250,,,,
404100,,,,
5750,,,,
420022,,,,
168300,,,,
25700,,,,
1464,,,,
1791,,,,
7811,,,,
539906,,,,
538102,,,,
538702,,,,
402900,,,,
157800,,,,
155,,,,
72100,,,,
24270,,,,
1031,,,,
397,,,,
435000,,,,
159100,,,,
1381,,,,
521923,,,,
400200,,,,
3114,,,,
2220,,,,
24098,,,,
162100,,,,
66200,,,,
521673,,,,
521599,,,,
116100,,,,
449,,,,
538513,,,,
207500,,,,
521897,,,,
599711,,,,
2225,,,,
377600,,,,
4016,,,,
458500,,,,
300192,,,,
23958,,,,
524437,,,,
50400,,,,
231250,,,,
433900,,,,
138200,,,,
185600,,,,
300255,,,,
540928,,,,
4914,,,,
189200,,,,
211,,,,
2255,,,,
540921,,,,
599060,,,,
405600,,,,
143200,,,,
7663,,,,
3273,,,,
300266,,,,
1732,,,,
2121,,,,
140701,,,,
19435,,,,
11300,,,,
681,,,,
593801,,,,
3710,,,,
447700,,,,
4197,,,,
537541,,,,
33400,,,,
51600,,,,
540580,,,,
14800,,,,
1183,,,,
558600,,,,
220400,,,,
1343,,,,
12167,,,,
304,,,,
2325,,,,
540301,,,,
45200,,,,
2145,,,,
1879,,,,
596842,,,,
12800,,,,
71400,,,,
213500,,,,
1234,,,,
521541,,,,
216100,,,,
539835,,,,
66500,,,,
180370,,,,
862,,,,
22173,,,,
598,,,,
30000,,,,
598475,,,,
2245,,,,
420005,,,,
6029,,,,
62200,,,,
159700,,,,
8094,,,,
541112,,,,
600213,,,,
229815,,,,
67800,,,,
1507,,,,
521559,,,,
223300,,,,
593100,,,,
82400,,,,
127500,,,,
539903,,,,
226005,,,,
151307,,,,
81300,,,,
63500,,,,
122680,,,,
2207,,,,
2175,,,,
300211,,,,
1651,,,,
10891,,,,
108,,,,
68100,,,,
17646,,,,
167,,,,
632,,,,
521730,,,,
521856,,,,
781,,,,
4425,,,,
145100,,,,
945,,,,
112030,,,,
42800,,,,
199240,,,,
120200,,,,
3422,,,,
1584,,,,
14440,,,,
109900,,,,
460100,,,,
22500,,,,
46622,,,,
210000,,,,
30300,,,,
8903,,,,
463200,,,,
1676,,,,
7900,,,,
185000,,,,
521624,,,,
598750,,,,
243400,,,,
1727,,,,
265,,,,
144600,,,,
521552,,,,
1141,,,,
484300,,,,
2996,,,,
20025,,,,
163600,,,,
171700,,,,
540200,,,,
10400,,,,
189600,,,,
15700,,,,
2140,,,,
599120,,,,
167800,,,,
7084,,,,
12500,,,,
199300,,,,
521693,,,,
289,,,,
1223,,,,
183200,,,,
8355,,,,
148500,,,,
165680,,,,
2279,,,,
62700,,,,
2298,,,,
468,,,,
712,,,,
19310,,,,
539400,,,,
1944,,,,
2627,,,,
521739,,,,
95354,,,,
1485,,,,
180100,,,,
112600,,,,
434,,,,
18700,,,,
114950,,,,
5730,,,,
171200,,,,
204100,,,,
561208,,,,
276,,,,
226129,,,,
598061,,,,
434000,,,,
1998,,,,
2775,,,,
1488,,,,
179801,,,,
213000,,,,
1346,,,,
376,,,,
22696,,,,
7100,,,,
519,,,,
9148,,,,
169400,,,,
71500,,,,
1552,,,,
191000,,,,
245100,,,,
540010,,,,
390300,,,,
432700,,,,
401200,,,,
04210,,,,
17361,,,,
1288,,,,
168100,,,,
159300,,,,
31620,,,,
15722,,,,
225420,,,,
226071,,,,
540612,,,,
44216,,,,
402200,,,,
50800,,,,
1018,,,,
1986,,,,
122000,,,,
539100,,,,
561100,,,,
540427,,,,
182000,,,,
48000,,,,
134000,,,,
538023,,,,
199501,,,,
112040,,,,
1108,,,,
1839,,,,
134100,,,,
529200,,,,
181902,,,,
43184,,,,
128200,,,,
24500,,,,
174500,,,,
524627,,,,
420048,,,,
24200,,,,
159800,,,,
582900,,,,
201,,,,
1124,,,,
1573,,,,
3006,,,,
1209,,,,
6125,,,,
2131,,,,
600100,,,,
521787,,,,
220,,,,
538016,,,,
1784,,,,
67900,,,,
107800,,,,
7190,,,,
47500,,,,
12920,,,,
226055,,,,
1787,,,,
415400,,,,
143300,,,,
600209,,,,
598783,,,,
85500,,,,
538107,,,,
616,,,,
245300,,,,
96100,,,,
593500,,,,
8886,,,,
1801,,,,
392300,,,,
534300,,,,
331,,,,
579900,,,,
1588,,,,
198300,,,,
490200,,,,
0581,,,,
30305,,,,
1930,,,,
2800,,,,
740,,,,
24772,,,,
199000,,,,
420040,,,,
537519,,,,
1611,,,,
598650,,,,
1249,,,,
598686,,,,
1500,,,,
521623,,,,
1574,,,,
24581,,,,
28154,,,,
464100,,,,
2077,,,,
1954,,,,
65000,,,,
428100,,,,
597725,,,,
21300,,,,
521526,,,,
112300,,,,
540952,,,,
32901,,,,
805,,,,
600212,,,,
600210,,,,
521661,,,,
363957,,,,
20406,,,,
7504,,,,
598232,,,,
435,,,,
524606,,,,
393700,,,,
458000,,,,
415800,,,,
3208,,,,
243600,,,,
825,,,,
567800,,,,
19820,,,,
797,,,,
183,,,,
413600,,,,
75501,,,,
4100,,,,
316,,,,
452,,,,
180310,,,,
540323,,,,
505,,,,
521734,,,,
1368,,,,
1781,,,,
115500,,,,
521615,,,,
521587,,,,
37960,,,,
221,,,,
229804,,,,
46600,,,,
529100,,,,
524473,,,,
593819,,,,
524496,,,,
226050,,,,
169,,,,
874,,,,
506,,,,
55600,,,,
22094,,,,
538000,,,,
271300,,,,
32400,,,,
521555,,,,
149200,,,,
660,,,,
2406,,,,
1789,,,,
175,,,,
540561,,,,
63320,,,,
1148,,,,
1159,,,,
300287,,,,
671,,,,
29522,,,,
226119,,,,
214402,,,,
521754,,,,
524409,,,,
263,,,,
300166,,,,
597150,,,,
2505,,,,
403000,,,,
749,,,,
9260,,,,
23300,,,,
530300,,,,
1999,,,,
1454,,,,
200155,,,,
537705,,,,
593854,,,,
220350,,,,
234300,,,,
540445,,,,
593849,,,,
6108,,,,
528,,,,
462,,,,
3695,,,,
225711,,,,
1340,,,,
427400,,,,
1813,,,,
2823,,,,
247800,,,,
196800,,,,
007,,,,
241900,,,,
537610,,,,
596835,,,,
7788,,,,
95352,,,,
22193,,,,
149900,,,,
130000,,,,
521658,,,,
1926,,,,
256,,,,
389,,,,
1048,,,,
23995,,,,
10075,,,,
225400,,,,
71700,,,,
521800,,,,
2261,,,,
550200,,,,
151305,,,,
129000,,,,
12701,,,,
3800,,,,
42600,,,,
46500,,,,
537545,,,,
1086,,,,
448600,,,,
438700,,,,
524628,,,,
225907,,,,
469,,,,
1292,,,,
403100,,,,
1587,,,,
167300,,,,
014,,,,
198600,,,,
570,,,,
521532,,,,
272600,,,,
590300,,,,
2348,,,,
172,,,,
12938,,,,
521644,,,,
8500,,,,
214700,,,,
1202,,,,
8276,,,,
10000,,,,
190,,,,
1560,,,,
175200,,,,
103200,,,,
968,,,,
537526,,,,
2321,,,,
180960,,,,
538019,,,,
521873,,,,
540508,,,,
1581,,,,
1058,,,,
205900,,,,
229802,,,,
109300,,,,
2164,,,,
789,,,,
420064,,,,
1179,,,,
338,,,,
563,,,,
10890,,,,
521809,,,,
890,,,,
466650,,,,
179850,,,,
126800,,,,
79000,,,,
2200,,,,
451300,,,,
06237,,,,
1267,,,,
539604,,,,
81500,,,,
33751,,,,
161800,,,,
111000,,,,
598751,,,,
2291,,,,
172800,,,,
521900,,,,
1246,,,,
51700,,,,
540325,,,,
554600,,,,
42152,,,,
521921,,,,
2137,,,,
225710,,,,
524407,,,,
2302,,,,
7700,,,,
593836,,,,
214300,,,,
198400,,,,
91100,,,,
110610,,,,
540607,,,,
1023,,,,
537629,,,,
521519,,,,
123800,,,,
2912,,,,
1370,,,,
815,,,,
1149,,,,
200701,,,,
88100,,,,
89600,,,,
3730,,,,
93500,,,,
506300,,,,
431600,,,,
170300,,,,
1903,,,,
599401,,,,
49700,,,,
156400,,,,
521716,,,,
223600,,,,
538521,,,,
524472,,,,
539824,,,,
42150,,,,
529400,,,,
538915,,,,
64700,,,,
224900,,,,
469500,0,2018,0,
6582,,,,
415900,,,,
567300,,,,
586100,,,,
599820,,,,
13100,,,,
420049,,,,
521758,,,,
569800,,,,
1799,,,,
11201,,,,
47100,,,,
79400,,,,
287,,,,
43002,,,,
363,,,,
202300,,,,
482,,,,
1531,,,,
1210,,,,
238850,,,,
8419,,,,
598683,,,,
465200,,,,
210100,,,,
39000,,,,
203800,,,,
3023,,,,
795,,,,
1323,,,,
597741,,,,
837,,,,
420075,,,,
759,,,,
1529,,,,
168200,,,,
33000,,,,
1752,,,,
521748,,,,
194100,,,,
1154,,,,
266903,,,,
133,,,,
540510,,,,
1939,,,,
1856,,,,
226650,,,,
89500,,,,
1472,,,,
5464,,,,
521567,,,,
576900,,,,
128500,,,,
572,,,,
1466,,,,
12005,,,,
2247,,,,
540523,,,,
71350,,,,
609,,,,
539404,,,,
588400,,,,
207100,,,,
8086,,,,
1571,,,,
913,,,,
150550,,,,
213940,,,,
131100,,,,
144500,,,,
466300,,,,
227200,,,,
916,,,,
38768,,,,
1897,,,,
225450,,,,
592800,,,,
521536,,,,
70100,,,,
741,,,,
177600,,,,
135,,,,
60000,,,,
131800,,,,
9825,,,,
538921,,,,
2218,,,,
12580,,,,
458900,,,,
537819,,,,
2123,,,,
49200,,,,
226002,,,,
538120,,,,
417100,,,,
2240,,,,
2259,,,,
537716,,,,
540421,,,,
105200,,,,
597704,,,,
8818,,,,
577604,,,,
17936,,,,
155900,,,,
11510,,,,
596840,,,,
173859,,,,
10250,,,,
1688,,,,
136000,,,,
3029,,,,
34500,,,,
75500,,,,
1940,,,,
1268,,,,
175700,,,,
1186,,,,
521722,,,,
199502,,,,
211000,,,,
1327,,,,
102600,,,,
1046,,,,
935,,,,
814,,,,
1603,,,,
537501,,,,
540565,,,,
514900,,,,
30078,,,,
437800,,,,
100950,,,,
521749,,,,
4516,,,,
521637,,,,
638,,,,
524625,,,,
212000,,,,
152600,,,,
19994,,,,
31420,,,,
1682,,,,
1746,,,,
74800,,,,
549000,,,,
130900,,,,
190200,,,,
137550,,,,
538518,,,,
36900,,,,
547700,,,,
540581,,,,
537624,,,,
521543,,,,
98100,,,,
225910,,,,
83740,,,,
101,,,,
12900,,,,
12150,,,,
598680,,,,
420421,,,,
4578,,,,
1730,,,,
1296,,,,
599451,,,,
540721,,,,
22128,,,,
8824,,,,
196550,,,,
521776,,,,
463500,,,,
465400,,,,
2236,,,,
608,,,,
4334,,,,
1970,,,,
599717,,,,
200160,,,,
540425,,,,
118000,,,,
454,,,,
260,,,,
44600,,,,
613,,,,
171550,,,,
4707,,,,
538522,,,,
265500,,,,
19800,,,,
232600,,,,
20938,,,,
31300,,,,
577606,,,,
1636,,,,
419400,,,,
483400,,,,
41883,,,,
128000,,,,
205600,,,,
30200,,,,
7885,,,,
596832,,,,
217800,,,,
8584,,,,
538011,,,,
16700,,,,
773,,,,
2180,,,,
539403,,,,
229200,,,,
225750,,,,
128600,,,,
8091,,,,
540424,,,,
597385,,,,
540000,,,,
521663,,,,
83000,,,,
284,,,,
273600,,,,
600206,,,,
521584,,,,
133000,,,,
1378,,,,
521546,,,,
48500,,,,
379200,,,,
861,,,,
27078,,,,
2146,,,,
1299,,,,
521692,,,,
397900,,,,
758,,,,
1192,,,,
140800,,,,
222450,,,,
521548,,,,
538108,,,,
30160,,,,
136800,,,,
521685,,,,
117,,,,
10800,,,,
90100,,,,
390100,,,,
9510,,,,
597395,,,,
593820,,,,
226120,,,,
599070,,,,
80100,,,,
801,,,,
154100,,,,
1127,,,,
008,,,,
30038,,,,
540542,,,,
266,,,,
228110,,,,
1671,,,,
4182,,,,
390000,,,,
521514,,,,
1318,,,,
378800,,,,
4038,,,,
1845,,,,
621,,,,
538008,,,,
4801,,,,
16274,,,,
599800,,,,
23600,,,,
577800,,,,
1892,,,,
8772,,,,
100000,,,,
179200,,,,
1990,,,,
521518,,,,
210200,,,,
592700,,,,
2206,,,,
151900,,,,
537810,,,,
539916,,,,
104401,,,,
427700,,,,
29938,,,,
524487,,,,
469200,,,,
39796,,,,
40037,,,,
39710,,,,
600310,,,,
142700,,,,
45100,,,,
190900,,,,
231,,,,
521554,,,,
547701,,,,
226033,,,,
540527,,,,
32234,,,,
541126,,,,
269500,,,,
539823,,,,
577400,,,,
199710,,,,
7897,,,,
556100,,,,
1859,,,,
513200,,,,
521893,,,,
521662,,,,
667,,,,
2222,,,,
524432,,,,
240500,,,,
56700,,,,
2237,,,,
29900,,,,
300121,,,,
524416,,,,
3074,,,,
1735,,,,
238900,,,,
537529,,,,
164600,,,,
27200,,,,
970,,,,
593816,,,,
524498,,,,
12450,,,,
593,,,,
38595,,,,
109,,,,
34800,,,,
422,,,,
5571,,,,
86700,,,,
539401,,,,
90200,,,,
670,,,,
59602,,,,
141000,,,,
1307,,,,
515700,,,,
90300,,,,
760,,,,
20031,,,,
10502,,,,
540583,,,,
541121,,,,
59400,,,,
538304,,,,
311,,,,
599714,,,,
492402,,,,
56500,,,,
466200,,,,
10660,,,,
185101,,,,
336,,,,
102800,,,,
129800,,,,
23000,,,,
004,,,,
521568,,,,
512600,,,,
86800,,,,
95200,,,,
521871,,,,
300171,,,,
560700,,,,
537503,,,,
521740,,,,
579200,,,,
142900,,,,
5091,,,,
521534,,,,
2125,,,,
231200,,,,
69600,,,,
833,,,,
6882,,,,
197900,,,,
687,,,,
217000,,,,
116,,,,
1114,,,,
540452,,,,
515,,,,
468500,,,,
145500,,,,
226004,,,,
460,,,,
589900,,,,
540009,,,,
420080,,,,
22420,,,,
168,,,,
438000,,,,
129300,,,,
598462,,,,
209100,,,,
738,,,,
3900,,,,
524447,,,,
238200,,,,
540615,,,,
6291,,,,
538520,,,,
15810,,,,
540444,,,,
187100,,,,
1252,,,,
574200,,,,
62900,,,,
522,,,,
10695,,,,
2093,,,,
164300,,,,
53000,,,,
26508,,,,
170800,,,,
33200,,,,
199735,,,,
1725,,,,
539205,,,,
94001,,,,
12192,,,,
540431,,,,
521574,,,,
6801,,,,
599440,,,,
1134,,,,
69150,,,,
122500,,,,
597382,,,,
4280,,,,
198500,,,,
521545,,,,
161000,,,,
593818,,,,
106090,,,,
521918,,,,
2063,,,,
7000,,,,
197105,,,,
9711,,,,
41600,,,,
106000,,,,
191600,,,,
176097,,,,
1133,,,,
599241,,,,
99000,,,,
2009,,,,
597728,,,,
537821,,,,
2189,,,,
11600,,,,
12200,,,,
496,,,,
149800,,,,
79200,,,,
1713,,,,
967,,,,
2264,,,,
137620,,,,
137600,,,,
4622,,,,
70800,,,,
540434,,,,
537713,,,,
521668,,,,
23529,,,,
93000,,,,
240100,,,,
1498,,,,
8756,,,,
1862,,,,
1963,,,,
221300,,,,
597748,,,,
1091,,,,
1769,,,,
540622,,,,
163800,,,,
383,,,,
540446,,,,
409,,,,
170400,,,,
538101,,,,
233200,,,,
150600,,,,
17250,,,,
16170,,,,
48070,,,,
22243,,,,
538017,,,,
866,,,,
416400,,,,
521777,,,,
414800,,,,
521769,,,,
521677,,,,
669,,,,
492500,,,,
122800,,,,
521816,,,,
600204,,,,
1233,,,,
1572,,,,
435400,,,,
1271,,,,
417500,,,,
521549,,,,
761,,,,
95624,,,,
473,,,,
417600,,,,
1445,,,,
598725,,,,
165681,,,,
521799,,,,
590200,,,,
8227,,,,
27878,,,,
1533,,,,
521736,,,,
596858,,,,
6715,,,,
140400,,,,
1303,,,,
229900,,,,
540903,,,,
14000,,,,
87500,,,,
80900,,,,
11624,,,,
11400,,,,
484600,,,,
203,,,,
540442,,,,
96800,,,,
600220,,,,
100100,,,,
2133,,,,
197700,,,,
460750,,,,
3355,,,,
1083,,,,
524463,,,,
491800,,,,
540925,,,,
2062,,,,
538404,,,,
1583,,,,
537605,,,,
538600,,,,
1285,,,,
539505,,,,
300174,,,,
272700,,,,
55700,,,,
32198,,,,
178300,,,,
97701,,,,
40914,,,,
41818,,,,
521814,,,,
9870,,,,
506600,,,,
538124,,,,
153700,,,,
1185,,,,
1509,,,,
921,,,,
29215,,,,
206050,,,,
2244,,,,
1164,,,,
2035,,,,
455800,,,,
222000,,,,
16500,,,,
521888,,,,
127200,,,,
912,,,,
229803,,,,
246,,,,
1324,,,,
539830,,,,
148100,,,,
148,,,,
5500,,,,
1200,,,,
468000,,,,
50150,,,,
169830,,,,
524444,,,,
2037,,,,
196600,,,,
1837,,,,
003,,,,
213400,,,,
1950,,,,
596951,,,,
15517,,,,
2023,,,,
787,,,,
521501,,,,
224920,,,,
2328,,,,
1457,,,,
1854,,,,
2498,,,,
2263,,,,
137900,,,,
10500,,,,
226009,,,,
432,,,,
538113,,,,
8600,,,,
910,,,,
1053,,,,
1376,,,,
20802,,,,
177200,,,,
55000,,,,
2144,,,,
455400,,,,
540935,,,,
483900,,,,
577100,,,,
598710,,,,
469100,,,,
226118,,,,
851,,,,
19330,,,,
1792,,,,
2085,,,,
596860,,,,
92300,,,,
4478,,,,
12745,,,,
140600,,,,
101500,,,,
8800,,,,
300167,,,,
521628,,,,
597394,,,,
1286,,,,
1627,,,,
300138,,,,
584800,,,,
600219,,,,
539300,,,,
42500,,,,
597261,,,,
184900,,,,
45700,,,,
31410,,,,
513400,,,,
1852,,,,
85200,,,,
540451,,,,
560900,,,,
27657,,,,
524441,,,,
5225,,,,
177,,,,
181601,,,,
1499,,,,
162800,,,,
538917,,,,
173,,,,
95351,,,,
203900,,,,
521679,,,,
539917,,,,
597733,,,,
7129,,,,
543700,,,,
6581,,,,
933,,,,
138900,,,,
176099,,,,
13515,,,,
2239,,,,
2324,,,,
16584,,,,
162200,,,,
537625,,,,
379100,,,,
272200,,,,
491700,,,,
197103,,,,
128800,,,,
521917,,,,
400100,,,,
468200,,,,
2278,,,,
19550,,,,
979,,,,
7861,,,,
615,,,,
1214,,,,
708,,,,
582100,,,,
60933,,,,
1422,,,,
537812,,,,
248100,,,,
521904,,,,
1777,,,,
1991,,,,
32535,,,,
169552,,,,
377900,,,,
1689,,,,
1634,,,,
78200,,,,
192300,,,,
566100,,,,
524428,,,,
521632,,,,
2276,,,,
40946,,,,
108200,,,,
371466,,,,
435800,,,,
112500,,,,
490300,,,,
1443,,,,
22942,,,,
323,,,,
2246,,,,
457,,,,
57469,,,,
598760,,,,
665,,,,
583900,,,,
597739,,,,
567400,,,,
623,,,,
103900,,,,
225150,,,,
45001,,,,
1811,,,,
521813,,,,
4716,,,,
405200,,,,
2154,,,,
540003,,,,
37500,,,,
92000,,,,
2235,,,,
300178,,,,
1026,,,,
120950,,,,
119,,,,
1213,,,,
1373,,,,
928,,,,
207300,,,,
101900,,,,
98200,,,,
210600,,,,
2011,,,,
14851,,,,
534500,,,,
521751,,,,
87300,,,,
3256,,,,
961089,,,,
610,,,,
540705,,,,
453,,,,
52800,,,,
2041,,,,
28765,,,,
1807,,,,
1451,,,,
20553,,,,
31710,,,,
521646,,,,
553901,,,,
600231,,,,
2283,,,,
27930,,,,
1317,,,,
538407,,,,
1415,,,,
31800,,,,
521752,,,,
983,,,,
597371,,,,
539914,,,,
48900,,,,
1355,,,,
300111,,,,
1995,,,,
540503,,,,
521639,,,,
228300,,,,
27650,,,,
1543,,,,
1298,,,,
161,,,,
536,,,,
1945,,,,
142751,,,,
199731,,,,
599246,,,,
6206,,,,
9570,,,,
521797,,,,
146000,,,,
59300,,,,
521709,,,,
597804,,,,
521783,,,,
17300,,,,
599031,,,,
630,,,,
420008,,,,
208000,,,,
2167,,,,
1423,,,,
178200,,,,
143400,,,,
11073,,,,
234,,,,
521886,,,,
599690,,,,
3101,,,,
89400,,,,
300147,,,,
62800,,,,
95100,,,,
1041,,,,
1024,,,,
583500,,,,
490100,,,,
374,,,,
541109,,,,
2111,,,,
755,,,,
9021,,,,
1504,,,,
215600,,,,
540453,,,,
599724,,,,
226810,,,,
492403,,,,
24965,,,,
807,,,,
269400,,,,
175100,,,,
1750,,,,
226022,,,,
455200,,,,
4298,,,,
94900,,,,
4900,,,,
69100,,,,
521761,,,,
2165,,,,
540005,,,,
10100,,,,
221700,,,,
109000,,,,
576,,,,
598962,,,,
10980,,,,
25400,,,,
521872,,,,
540934,,,,
582402,,,,
560300,,,,
95800,,,,
49400,,,,
540103,,,,
115400,,,,
152450,,,,
340,,,,
224913,,,,
4326,,,,
93100,,,,
11366,,,,
73100,,,,
71000,,,,
1449,,,,
824,,,,
219800,,,,
1618,,,,
23128,,,,
471,,,,
2323,,,,
433300,,,,
416800,,,,
5891,,,,
524404,,,,
845,,,,
521894,,,,
521867,,,,
1158,,,,
600223,,,,
4752,,,,
1753,,,,
389500,,,,
541133,,,,
417000,,,,
540703,,,,
39802,,,,
72800,,,,
521627,,,,
1407,,,,
420112,,,,
202709,,,,
1925,,,,
753,,,,
666,,,,
219750,,,,
47700,,,,
147200,,,,
540931,,,,
83800,,,,
134700,,,,
66600,,,,
57388,,,,
11935,,,,
155370,,,,
2234,,,,
133700,,,,
593826,,,,
521601,,,,
438,,,,
1838,,,,
2026,,,,
524452,,,,
55300,,,,
2223,,,,
1757,,,,
393000,,,,
539829,,,,
378500,,,,
157100,,,,
158400,,,,
1096,,,,
2309,,,,
226,,,,
198000,,,,
596831,,,,
629,,,,
229100,,,,
180700,,,,
1020,,,,
1645,,,,
8072,,,,
135500,,,,
4011,,,,
200700,,,,
126900,,,,
59859,,,,
127400,,,,
24284,,,,
228000,,,,
1182,,,,
3061398,,,,
132800,,,,
144400,,,,
6120,,,,
521610,,,,
2158,,,,
186640,,,,
68495,,,,
597490,,,,
459700,,,,
8000,,,,
130600,,,,
1544,,,,
176600,,,,
6750,,,,
521562,,,,
577601,,,,
7424,,,,
598480,,,,
134140,,,,
1800,,,,
7930,,,,
1855,,,,
27007,,,,
164900,,,,
143000,,,,
9100,,,,
540506,,,,
189300,,,,
540110,,,,
1739,,,,
521822,,,,
1644,,,,
927,,,,
6747,,,,
540906,,,,
28650,,,,
185150,,,,
537815,,,,
138,,,,
226063,,,,
7226,,,,
521544,,,,
216700,,,,
1720,,,,
577700,,,,
8567,,,,
537804,,,,
540624,,,,
110,,,,
140200,,,,
225720,,,,
1523,,,,
401300,,,,
77400,,,,
672,,,,
1576,,,,
540502,,,,
50950,,,,
437500,,,,
537824,,,,
1553,,,,
598058,,,,
32312,,,,
32200,,,,
159500,,,,
593858,,,,
76000,,,,
24350,,,,
1231,,,,
104400,,,,
540548,,,,
212150,,,,
186,,,,
596560,,,,
551,,,,
521806,,,,
270500,,,,
538408,,,,
5615,,,,
1438,,,,
540318,,,,
1225,,,,
418700,,,,
134130,,,,
1905,,,,
18109,,,,
537516,,,,
538119,,,,
2214,,,,
230800,,,,
1867,,,,
137750,,,,
585900,,,,
39100,,,,
2161,,,,
145400,,,,
20800,,,,
20035,,,,
206,,,,
157500,,,,
12178,,,,
1350,,,,
1537,,,,
404200,,,,
1417,,,,
204800,,,,
2925,,,,
225000,,,,
77800,,,,
1169,,,,
597508,,,,
599470,,,,
2216,,,,
8200,,,,
214410,,,,
521729,,,,
25841,,,,
459900,,,,
1235,,,,
3680,,,,
1933,,,,
1878,,,,
115700,,,,
6174,,,,
169840,,,,
222700,,,,
3200,,,,
158,,,,
3816,,,,
184300,,,,
654,,,,
599712,,,,
8900,,,,
598241,,,,
748,,,,
540610,,,,
521504,,,,
49100,,,,
521589,,,,
393100,,,,
150900,,,,
108500,,,,
1019,,,,
84200,,,,
1168,,,,
538906,,,,
58000,,,,
226058,,,,
510,,,,
217600,,,,
133100,,,,
64300,,,,
17433,,,,
980,,,,
12700,,,,
597941,,,,
538006,,,,
227500,,,,
1615,,,,
169800,,,,
181400,,,,
57723,,,,
156040,,,,
1062,,,,
2609,,,,
540545,,,,
3333,,,,
233300,,,,
540701,,,,
170500,,,,
36300,,,,
539500,,,,
521902,,,,
556200,,,,
709,,,,
540540,,,,
47619,,,,
490,,,,
201350,,,,
598060,,,,
59820,,,,
34850,,,,
193,,,,
705,,,,
290,,,,
1385,,,,
521634,,,,
8422,,,,
161200,,,,
233100,,,,
1008,,,,
32987,,,,
32600,,,,
137000,,,,
416900,,,,
575,,,,
584100,,,,
2103,,,,
126,,,,
226600,,,,
243,,,,
24800,,,,
9495,,,,
426,,,,
539832,,,,
7426,,,,
392600,,,,
300170,,,,
2576,,,,
1094,,,,
593855,,,,
1695,,,,
29000,,,,
538704,,,,
148400,,,,
6710,,,,
253,,,,
3711,,,,
1394,,,,
524490,,,,
521675,,,,
271100,,,,
420067,,,,
581800,,,,
12122,,,,
233900,,,,
1909,,,,
247,,,,
973,,,,
506700,,,,
597378,,,,
8865,,,,
32800,,,,
391300,,,,
173300,,,,
409800,,,,
142500,,,,
56300,,,,
648,,,,
266902,,,,
261,,,,
813,,,,
6055,,,,
121800,,,,
423100,,,,
1220,,,,
11500,,,,
41000,,,,
59600,,,,
133300,,,,
208740,,,,
2254,,,,
1646,,,,
1337,,,,
540430,,,,
201900,,,,
2089,,,,
1259,,,,
180600,,,,
296,,,,
87900,,,,
5602,,,,
70300,,,,
600208,,,,
530200,,,,
583700,,,,
2205,,,,
539805,,,,
190400,,,,
549,,,,
211200,,,,
437200,,,,
7169,,,,
540948,,,,
219600,,,,
103,,,,
45814,,,,
58100,,,,
25923,,,,
44623,,,,
524488,,,,
540719,,,,
540422,,,,
20220,,,,
43200,,,,
1430,,,,
8950,,,,
735,,,,
537606,,,,
22913,,,,
2268,,,,
526,,,,
1232,,,,
5696,,,,
1047,,,,
10185,,,,
101200,,,,
1222,,,,
1261,,,,
7812,,,,
1894,,,,
1163,,,,
59282,,,,
393900,,,,
215500,,,,
524609,,,,
1113,,,,
185700,,,,
539900,,,,
102500,,,,
521633,,,,
524503,,,,
1755,,,,
2426,,,,
515100,,,,
225760,,,,
319,,,,
600110,,,,
16118,,,,
9850,,,,
26909,,,,
8464,,,,
93800,,,,
561204,,,,
400600,,,,
24933,,,,
521569,,,,
2136,,,,
537622,,,,
226114,,,,
105100,,,,
75000,,,,
1866,,,,
133400,,,,
521805,,,,
540715,,,,
109500,,,,
1548,,,,
14500,,,,
136600,,,,
831,,,,
115,,,,
2482,,,,
228,,,,
538916,,,,
6100,,,,
521621,,,,
2034,,,,
66700,,,,
2188,,,,
6563,,,,
315,,,,
4974,,,,
528700,,,,
1871,,,,
36700,,,,
3836,,,,
122200,,,,
1579,,,,
84000,,,,
75100,,,,
148600,,,,
137700,,,,
33300,,,,
513900,,,,
220900,,,,
53851,,,,
1474,,,,
184800,,,,
452300,,,,
1104,,,,
1747,,,,
6354,,,,
452400,,,,
1607,,,,
68600,,,,
540007,,,,
538103,,,,
25300,,,,
235900,,,,
8643,,,,
49600,,,,
1099,,,,
1490,,,,
514500,,,,
524601,,,,
217900,,,,
2226,,,,
13751,,,,
210800,,,,
5800,,,,
597153,,,,
415100,,,,
57300,,,,
132201,,,,
5100,,,,
116401,,,,
136700,,,,
597735,,,,
151000,,,,
1773,,,,
700,,,,
166900,,,,
462900,,,,
592400,,,,
598684,,,,
540432,,,,
226034,,,,
60350,,,,
169000,,,,
112000,,,,
2022,,,,
1973,,,,
390900,,,,
156600,,,,
226820,,,,
436700,,,,
101600,,,,
524439,,,,
10809,,,,
196400,,,,
540526,,,,
202600,,,,
537619,,,,
75200,,,,
521669,,,,
9191,,,,
4432,,,,
1503,,,,
14400,,,,
527400,,,,
1505,,,,
794,,,,
37356,,,,
599760,,,,
524431,,,,
506400,,,,
192000,,,,
521743,,,,
521556,,,,
542900,,,,
793,,,,
521657,,,,
162600,,,,
27369,,,,
404500,,,,
2327,,,,
5229,,,,
1665,,,,
173000,,,,
1175,,,,
387,,,,
0578,,,,
127000,,,,
300181,,,,
597375,,,,
1006,,,,
1492,,,,
201000,,,,
539905,,,,
163300,,,,
521640,,,,
8683,,,,
524500,,,,
2151,,,,
1199,,,,
20381,,,,
270600,,,,
521774,,,,
229500,,,,
535500,,,,
140300,,,,
225900,,,,
226440,,,,
540634,,,,
828,,,,
884,,,,
273400,,,,
1319,,,,
420009,,,,
551200,,,,
593847,,,,
844,,,,
463300,,,,
589400,,,,
183900,,,,
524486,,,,
189003,,,,
25265,,,,
557800,,,,
6105,,,,
98926,,,,
393800,,,,
30500,,,,
521741,,,,
100800,,,,
2688,,,,
521617,,,,
88200,,,,
48813,,,,
7678,,,,
592100,,,,
433600,,,,
539413,,,,
158500,,,,
4529,,,,
7852,,,,
51100,,,,
7088,,,,
2174,,,,
461400,,,,
54507,,,,
5550,,,,
546402,,,,
418500,,,,
599670,,,,
203000,,,,
14140,,,,
172100,,,,
147301,,,,
16320,,,,
399400,,,,
87850,,,,
2061,,,,
123900,,,,
229700,,,,
204010,,,,
6270,,,,
124500,,,,
193400,,,,
2065,,,,
7200,,,,
27215,,,,
521721,,,,
2967,,,,
6000,,,,
182601,,,,
1258,,,,
538900,,,,
125000,,,,
1390,,,,
208500,,,,
418400,,,,
698,,,,
12300,,,,
270900,,,,
540429,,,,
1575,,,,
524467,,,,
1152,,,,
212,,,,
1953,,,,
583002,,,,
641,,,,
62400,,,,
420021,,,,
8350,,,,
41400,,,,
2044,,,,
187800,,,,
1968,,,,
8978,,,,
1558,,,,
28276,,,,
30914,,,,
1093,,,,
600052,,,,
7134,,,,
9280,,,,
83700,,,,
538112,,,,
202708,,,,
427900,,,,
537817,,,,
006,,,,
2601,,,,
1582,,,,
3839,,,,
540529,,,,
538908,,,,
120940,,,,
123000,,,,
8831,,,,
503,,,,
1639,,,,
446,,,,
88000,,,,
599710,,,,
197500,,,,
2316,,,,
541111,,,,
389300,,,,
244800,,,,
107500,,,,
76400,,,,
188200,,,,
257,,,,
619,,,,
1396,,,,
567700,,,,
703,,,,
201400,,,,
599080,,,,
490800,,,,
33900,,,,
674,,,,
513000,,,,
235200,,,,
98275,,,,
521561,,,,
1919,,,,
549500,,,,
956,,,,
448500,,,,
225770,,,,
524482,,,,
208751,,,,
66201,,,,
18000,,,,
21004,,,,
4666,,,,
8767,,,,
436500,,,,
67400,,,,
1898,,,,
110500,,,,
521732,,,,
65300,,,,
224200,,,,
274700,,,,
288,,,,
524450,,,,
601,,,,
8770,,,,
584,,,,
5227,,,,
463100,,,,
1379,,,,
1230,,,,
224918,,,,
27400,,,,
1105,,,,
156300,,,,
100335,,,,
9400,,,,
1266,,,,
479,,,,
72600,,,,
6274,,,,
61200,,,,
2439,,,,
127800,,,,
116900,,,,
538803,,,,
584300,,,,
948,,,,
148000,,,,
16200,,,,
560400,,,,
778,,,,
692,,,,
181700,,,,
882,,,,
183400,,,,
20660,,,,
6400,,,,
181903,,,,
1367,,,,
211240,,,,
226300,,,,
600200,,,,
20500,,,,
20448,,,,
179100,,,,
378100,,,,
32259,,,,
541119,,,,
10490,,,,
597151,,,,
43600,,,,
543600,,,,
512950,,,,
248000,,,,
7810,,,,
243700,,,,
570000,,,,
77000,,,,
1145,,,,
1846,,,,
91200,,,,
52600,,,,
101000,,,,
1904,,,,
8700,,,,
466400,,,,
208510,,,,
160,,,,
53810,,,,
399500,,,,
447000,,,,
540547,,,,
188,,,,
746,,,,
1262,,,,
2721,,,,
202707,,,,
521645,,,,
114550,,,,
230200,,,,
448900,,,,
112900,,,,
39400,,,,
91500,,,,
1511,,,,
2000,,,,
21839,,,,
171520,,,,
192500,,,,
2959,,,,
389200,,,,
218500,,,,
870,,,,
248800,,,,
544000,,,,
545454,,,,
1345,,,,
521914,,,,
24940,,,,
909,,,,
203500,,,,
5404,,,,
2217,,,,
598477,,,,
6618,,,,
186900,,,,
470100,,,,
537500,,,,
537512,,,,
1130,,,,
60100,,,,
54400,,,,
1424,,,,
226107,,,,
543400,,,,
2700,,,,
765,,,,
1322,,,,
32750,,,,
121700,,,,
4581,,,,
1178,,,,
238600,,,,
32602,,,,
1512,,,,
14905,,,,
137,,,,
417900,,,,
538122,,,,
10697,,,,
224,,,,
820,,,,
172500,,,,
597384,,,,
18135,,,,
139,,,,
60400,,,,
1989,,,,
2199,,,,
199751,,,,
7135,,,,
207800,,,,
237253,,,,
1405,,,,
417,,,,
36500,,,,
538200,,,,
324,,,,
536500,,,,
355,,,,
591,,,,
603,,,,
1654,,,,
150200,,,,
55500,,,,
3545454,,,,
3975,,,,
3750,,,,
521825,,,,
58783,,,,
487300,,,,
146700,,,,
85400,,,,
70200,,,,
235400,,,,
538009,,,,
212200,,,,
560500,,,,
600050,,,,
26286,,,,
377700,,,,
538111,,,,
156,,,,
162000,,,,
416600,,,,
19979,,,,
169100,,,,
176095,,,,
201600,,,,
1955,,,,
82800,,,,
868,,,,
12260,,,,
243900,,,,
596838,,,,
50927,,,,
211400,,,,
592600,,,,
558300,,,,
597172,,,,
1087,,,,
1054,,,,
9240,,,,
521896,,,,
537630,,,,
539834,,,,
539907,,,,
32950,,,,
986,,,,
2102,,,,
10288,,,,
187,,,,
524603,,,,
221100,,,,
22300,,,,
829,,,,
73700,,,,
141700,,,,
2803,,,,
2068,,,,
134120,,,,
803,,,,
531,,,,
220600,,,,
383000,,,,
183650,,,,
18687,,,,
540601,,,,
1366,,,,
248,,,,
2128,,,,
15750,,,,
226036,,,,
2021,,,,
3221,,,,
1972,,,,
600330,,,,
588900,,,,
83900,,,,
137300,,,,
115050,,,,
2130,,,,
77200,,,,
521625,,,,
92100,,,,
538106,,,,
229940,,,,
561203,,,,
29770,,,,
123100,,,,
32300,,,,
2711,,,,
598681,,,,
524464,,,,
500,,,,
190100,,,,
2386,,,,
540570,,,,
72700,,,,
940,,,,
39803,,,,
226046,,,,
162700,,,,
82000,,,,
521715,,,,
2905,,,,
37268,,,,
226000,,,,
378300,,,,
513700,,,,
1011,,,,
1893,,,,
226720,,,,
464700,,,,
521824,,,,
31366,,,,
402000,,,,
181300,,,,
521508,,,,
214,,,,
234200,,,,
8115,,,,
1218,,,,
118600,,,,
8150,,,,
1217,,,,
538805,,,,
540560,,,,
543300,,,,
2297,,,,
19200,,,,
917,,,,
16614,,,,
434300,,,,
30634,,,,
2651,,,,
529,,,,
117250,,,,
227060,,,,
86200,,,,
3282,,,,
1173,,,,
537523,,,,
1824,,,,
540566,,,,
1808,,,,
598753,,,,
171000,,,,
1059,,,,
3506,,,,
0576,,,,
5454545,,,,
1180,,,,
333,,,,
521878,,,,
57000,,,,
37100,,,,
135100,,,,
514100,,,,
2301,,,,
130200,,,,
117300,,,,
115601,,,,
9833,,,,
1060,,,,
45000,,,,
535100,,,,
598242,,,,
217700,,,,
20601,,,,
521889,,,,
524446,,,,
541500,,,,
8403,,,,
226112,,,,
521500,,,,
2332,,,,
180320,,,,
21745,,,,
237,,,,
25000,,,,
182200,,,,
512900,,,,
1413,,,,
11005,,,,
197800,,,,
107720,,,,
34412,,,,
42151,,,,
74200,,,,
5049,,,,
170900,,,,
211230,,,,
540602,,,,
2107,,,,
10125,,,,
7318,,,,
150511,,,,
105750,,,,
597513,,,,
1874,,,,
458700,,,,
81000,,,,
598830,,,,
1680,,,,
10200,,,,
524423,,,,
524489,,,,
540309,,,,
501300,,,,
23900,,,,
242600,,,,
70400,,,,
178,,,,
593400,,,,
16744,,,,
1363,,,,
1810,,,,
60600,,,,
214800,,,,
540628,,,,
10300,,,,
175800,,,,
521578,,,,
540953,,,,
3360,,,,
151500,,,,
455500,,,,
4657,,,,
74900,,,,
972,,,,
1828,,,,
600021,,,,
84800,,,,
7109,,,,
1540,,,,
183800,,,,
232,,,,
876,,,,
217300,,,,
389900,,,,
137500,,,,
197,,,,
1831,,,,
427600,,,,
521522,,,,
472700,,,,
524626,,,,
226076,,,,
599721,,,,
1375,,,,
540617,,,,
245800,,,,
100900,,,,
536510,,,,
447900,,,,
268100,,,,
540107,,,,
177300,,,,
164700,,,,
540609,,,,
930,,,,
538510,,,,
564400,,,,
273800,,,,
1961,,,,
227050,,,,
521564,,,,
540901,,,,
593852,,,,
994,,,,
97600,,,,
1339,,,,
1196,,,,
729,,,,
1264,,,,
528200,,,,
134200,,,,
521528,,,,
17444,,,,
11139,,,,
538914,,,,
48100,,,,
237000,,,,
524612,,,,
541107,,,,
69900,,,,
7185,,,,
179700,,,,
521503,,,,
119800,,,,
2024,,,,
165600,,,,
8213,,,,
546000,,,,
139900,,,,
472600,,,,
938,,,,
9305,,,,
200,,,,
194400,,,,
426700,,,,
5125,,,,
1295,,,,
209500,,,,
1555,,,,
798,,,,
1759,,,,
1924,,,,
2095,,,,
187500,,,,
10730,,,,
182400,,,,
1794,,,,
330,,,,
885,,,,
23690,,,,
524607,,,,
538105,,,,
1477,,,,
524413,,,,
420100,,,,
540552,,,,
818,,,,
106800,,,,
842,,,,
16073,,,,
918,,,,
1040,,,,
521517,,,,
326,,,,
107700,,,,
205500,,,,
538003,,,,
106500,,,,
328,,,,
55400,,,,
108800,,,,
194900,,,,
300124,,,,
108600,,,,
145800,,,,
10105,,,,
133800,,,,
540304,,,,
864,,,,
423,,,,
270100,,,,
584400,,,,
2258,,,,
13665,,,,
26206,,,,
5606,,,,
1330,,,,
12325,,,,
465500,,,,
20212,,,,
59937,,,,
219200,,,,
521563,,,,
2196,,,,
270,,,,
597397,,,,
129500,,,,
1293,,,,
209600,,,,
54300,,,,
18900,,,,
9392,,,,
77100,,,,
442100,,,,
422800,,,,
226010,,,,
419300,,,,
20666,,,,
1590,,,,
2311,,,,
78800,,,,
651,,,,
402800,,,,
524469,,,,
2162,,,,
521686,,,,
208730,,,,
123,,,,
121400,,,,
378700,,,,
383200,,,,
168900,,,,
512700,,,,
218300,,,,
1959,,,,
175600,,,,
598981,,,,
150700,,,,
226059,,,,
7950,,,,
597760,,,,
538920,,,,
537612,,,,
514400,,,,
569,,,,
63200,,,,
86000,,,,
783,,,,
690,,,,
537633,,,,
30390,,,,
1526,,,,
397200,,,,
9795,,,,
597734,,,,
189900,,,,
2290,,,,
162500,,,,
207920,,,,
1638,,,,
125700,,,,
3298,,,,
539913,,,,
9583,,,,
524414,,,,
404600,,,,
51039,,,,
4410,,,,
541116,,,,
152001,,,,
506900,,,,
538409,,,,
1966,,,,
2047,,,,
2070,,,,
2119,,,,
19300,,,,
199200,,,,
1525,,,,
181,,,,
1007,,,,
135211,,,,
146800,,,,
273300,,,,
115801,,,,
597726,,,,
2260,,,,
11800,,,,
107,,,,
18100,,,,
1649,,,,
597170,,,,
186000,,,,
540616,,,,
541106,,,,
10900,,,,
56978,,,,
1051,,,,
51900,,,,
125200,,,,
107351,,,,
1770,,,,
537620,,,,
234800,,,,
185200,,,,
86850,,,,
540908,,,,
185,,,,
110800,,,,
1517,,,,
597396,,,,
44100,,,,
1960,,,,
88700,,,,
3202,,,,
2615,,,,
79900,,,,
4060,,,,
540500,,,,
403800,,,,
22700,,,,
62100,,,,
6110,,,,
555400,,,,
41100,,,,
43560,,,,
10445,,,,
514800,,,,
540927,,,,
28750,,,,
146900,,,,
402700,,,,
538301,,,,
79650,,,,
524461,,,,
32770,,,,
400400,,,,
677,,,,
589000,,,,
1493,,,,
521515,,,,
539820,,,,
186750,,,,
63100,,,,
524403,,,,
598070,,,,
521575,,,,
1434,,,,
528800,,,,
1616,,,,
598052,,,,
224907,,,,
1964,,,,
138550,,,,
1818,,,,
549400,,,,
598780,,,,
1341,,,,
725,,,,
416200,,,,
538132,,,,
43003,,,,
59808,,,,
27700,,,,
556400,,,,
155360,,,,
1804,,,,
7362,,,,
1782,,,,
447200,,,,
28350,,,,
17912,,,,
419500,,,,
1027,,,,
439,,,,
412800,,,,
4000,,,,
1316,,,,
2266,,,,
521865,,,,
46100,,,,
13720,,,,
7428,,,,
36221,,,,
1482,,,,
513100,,,,
68000,,,,
204000,,,,
987,,,,
23707,,,,
27766,,,,
19702,,,,
1012,,,,
8113,,,,
274300,,,,
174000,,,,
197102,,,,
1291,,,,
1756,,,,
53400,,,,
56100,,,,
1922,,,,
291,,,,
2723,,,,
540912,,,,
417300,,,,
462600,,,,
1648,,,,
597720,,,,
3737,,,,
1982,,,,
18400,,,,
521791,,,,
2099,,,,
600202,,,,
475,,,,
521641,,,,
8300,,,,
469600,,,,
597729,,,,
109201,,,,
1489,,,,
713,,,,
38130,,,,
20350,,,,
226610,,,,
1354,,,,
1277,,,,
300205,,,,
540106,,,,
70010,,,,
169590,,,,
27300,,,,
452600,,,,
538400,,,,
226080,,,,
389000,,,,
87800,,,,
524495,,,,
541124,,,,
345,,,,
1467,,,,
64200,,,,
577600,,,,
61700,,,,
204050,,,,
436,,,,
58134,,,,
169501,,,,
540568,,,,
6177,,,,
116500,,,,
540517,,,,
21474,,,,
597461,,,,
1143,,,,
254,,,,
140702,,,,
1821,,,,
538020,,,,
229809,,,,
521895,,,,
676,,,,
25847,,,,
2265,,,,
113900,,,,
1827,,,,
546501,,,,
471000,,,,
1359,,,,
180200,,,,
226013,,,,
1591,,,,
1715,,,,
2126,,,,
8935,,,,
583200,,,,
32900,,,,
415500,,,,
19166,,,,
598050,,,,
1446,,,,
540723,,,,
1240,,,,
168600,,,,
15500,,,,
1643,,,,
226062,,,,
225800,,,,
593839,,,,
2542,,,,
808,,,,
274400,,,,
16400,,,,
416100,,,,
520,,,,
27600,,,,
1055,,,,
521537,,,,
905,,,,
434800,,,,
597391,,,,
178800,,,,
121900,,,,
465600,,,,
455000,,,,
752,,,,
397500,,,,
540941,,,,
184000,,,,
255,,,,
2545454,,,,
1936,,,,
300127,,,,
537601,,,,
2181,,,,
5380101,,,,
2055,,,,
274200,,,,
8712,,,,
26948,,,,
134600,,,,
166500,,,,
300132,,,,
155600,,,,
521614,,,,
593824,,,,
226801,,,,
586,,,,
518,,,,
2014,,,,
1580,,,,
102400,,,,
111400,,,,
131300,,,,
1211,,,,
2124,,,,
294,,,,
524405,,,,
1033,,,,
26500,,,,
286,,,,
1711,,,,
5999,,,,
745,,,,
458,,,,
428200,,,,
96710,,,,
723597,,,,
540519,,,,
188700,,,,
147,,,,
268300,,,,
2228,,,,
645,,,,
546500,,,,
6403,,,,
1833,,,,
8986,,,,
65600,,,,
45900,,,,
107687,,,,
303,,,,
222100,,,,
5055,,,,
792,,,,
158900,,,,
120930,,,,
150000,,,,
219000,,,,
540944,,,,
226030,,,,
562,,,,
25800,,,,
134650,,,,
539812,,,,
147850,,,,
460300,,,,
119900,,,,
207950,,,,
597731,,,,
33450,,,,
179900,,,,
438600,,,,
699,,,,
992,,,,
1362,,,,
521903,,,,
113800,,,,
21937,,,,
1042,,,,
538007,,,,
593851,,,,
728,,,,
521756,,,,
524485,,,,
539408,,,,
208753,,,,
226630,,,,
19400,,,,
2312,,,,
521557,,,,
188300,,,,
2156,,,,
527700,,,,
292,,,,
120945,,,,
31500,,,,
17900,,,,
1554,,,,
149500,,,,
595200,,,,
165400,,,,
2202,,,,
599405,,,,
1181,,,,
751,,,,
211250,,,,
079,,,,
32192,,,,
593809,,,,
521718,,,,
540435,,,,
18905,,,,
467300,,,,
596856,,,,
190000,,,,
1429,,,,
56600,,,,
643,,,,
1129,,,,
88600,,,,
7009,,,,
600228,,,,
521581,,,,
172200,,,,
194200,,,,
2525,,,,
427,,,,
268600,,,,
521533,,,,
131400,,,,
467900,,,,
540311,,,,
420078,,,,
194500,,,,
224901,,,,
600480,,,,
8550,,,,
390600,,,,
392700,,,,
537800,,,,
226035,,,,
5591,,,,
35800,,,,
218800,,,,
597464,,,,
160100,,,,
1927,,,,
553900,,,,
23816,,,,
402100,,,,
38400,,,,
215,,,,
5409,,,,
226116,,,,
598688,,,,
21284,,,,
80600,,,,
1984,,,,
15594,,,,
537707,,,,
516,,,,
193000,,,,
598831,,,,
1620,,,,
195700,,,,
122400,,,,
4021,,,,
540633,,,,
579,,,,
40300,,,,
54200,,,,
396700,,,,
111,,,,
226023,,,,
540316,,,,
244300,,,,
52100,,,,
1356,,,,
220202,,,,
134800,,,,
238301,,,,
16404,,,,
521531,,,,
2578,,,,
2163,,,,
469300,,,,
112020,,,,
538116,,,,
83780,,,,
30800,,,,
83760,,,,
420443,,,,
524443,,,,
471900,,,,
105500,,,,
582800,,,,
73300,,,,
72900,,,,
546200,,,,
52700,,,,
1988,,,,
170350,,,,
18720,,,,
535300,,,,
222300,,,,
238910,,,,
6443,,,,
111100,,,,
16385,,,,
300112,,,,
9022,,,,
455300,,,,
538014,,,,
420011,,,,
225140,,,,
24600,,,,
567500,,,,
138800,,,,
524462,,,,
151400,,,,
596857,,,,
45600,,,,
1241,,,,
91900,,,,
183600,,,,
239800,,,,
504,,,,
28605,,,,
416500,,,,
248700,,,,
40600,,,,
38100,,,,
113,,,,
491000,,,,
14300,,,,
132600,,,,
33050,,,,
539602,,,,
389100,,,,
42700,,,,
32540,,,,
42950,,,,
40000,,,,
521535,,,,
389400,,,,
